181.95,189.32,201.87,0.87954,1.0828,1.2311,-2500.0,-2500.0,-2500.0,0.41457,0.31191,0.16185
188.38,195.72,207.3,0.89139,1.0794,1.211,-2500.0,-2500.0,-2500.0,0.39878,0.34111,0.2909
181.16,188.66,200.24,0.88758,1.0845,1.2219,-2500.0,-2500.0,-2500.0,0.41864,0.33772,0.27813
187.38,195.09,205.64,0.90002,1.084,1.2044,-2500.0,-2500.0,-2500.0,0.41062,0.38206,0.41471
169.91,179.11,192.05,0.86965,1.1113,1.2779,-2500.0,-2500.0,-2500.0,0.55727,0.47702,0.24391
184.24,192.92,205.87,0.87814,1.0965,1.2488,-2500.0,-2500.0,-2500.0,0.45093,0.37356,0.14301
173.14,182.38,194.56,0.8786,1.1096,1.263,-2500.0,-2500.0,-2500.0,0.50601,0.41066,0.20324
184.67,193.08,204.9,0.88796,1.0932,1.2312,-2500.0,-2500.0,-2500.0,0.43296,0.35983,0.20423
174.46,176.88,184.0,0.92409,1.028,1.1124,-2500.0,-2500.0,-2500.0,0.31812,0.46439,0.31098
178.57,181.82,188.44,0.93097,1.0368,1.1137,-2500.0,-2500.0,-2500.0,0.2921,0.4131,0.36871
174.38,176.92,183.59,0.92862,1.0294,1.1085,-2500.0,-2500.0,-2500.0,0.29473,0.48575,0.28066
178.66,182.04,187.95,0.93812,1.0382,1.1067,-2500.0,-2500.0,-2500.0,0.28993,0.42241,0.30875
160.38,172.48,185.24,0.86692,1.1571,1.3351,-2500.0,-2500.0,-2500.0,0.56253,0.41775,0.38964
171.49,184.11,197.4,0.86993,1.1527,1.3255,-2500.0,-2500.0,-2500.0,0.44938,0.33275,0.32398
157.69,169.46,180.12,0.88341,1.1617,1.3164,-2500.0,-2500.0,-2500.0,0.61307,0.51127,0.51348
173.92,185.79,196.14,0.89725,1.1413,1.272,-2500.0,-2500.0,-2500.0,0.34417,0.27999,0.33976
182.11,190.96,200.59,0.90633,1.0995,1.2133,-2500.0,-2500.0,-2500.0,0.4014,0.39894,0.40111
185.18,194.81,204.26,0.90971,1.1067,1.2167,-2500.0,-2500.0,-2500.0,0.35376,0.38249,0.41176
180.87,188.73,196.78,0.91975,1.0888,1.1838,-2500.0,-2500.0,-2500.0,0.4846,0.46446,0.40536
185.14,193.76,201.58,0.92394,1.0953,1.1855,-2500.0,-2500.0,-2500.0,0.36565,0.36772,0.339
215.66,215.85,222.18,0.94385,1.0019,1.0615,-2500.0,-2500.0,-2500.0,0.31537,0.37274,0.17992
217.84,218.59,224.65,0.94671,1.007,1.0637,-2500.0,-2500.0,-2500.0,0.29772,0.4248,0.14416
210.24,211.3,217.45,0.94425,1.0101,1.0698,-2500.0,-2500.0,-2500.0,0.7213,0.79116,0.63467
213.29,214.62,220.55,0.94696,1.0126,1.0693,-2500.0,-2500.0,-2500.0,0.62802,0.68722,0.56707
180.07,159.36,162.44,0.96756,0.77034,0.80073,-2500.0,-2500.0,-2500.0,0.90297,0.95237,0.88289
159.63,159.32,165.02,0.9268,1.011,1.0958,-2500.0,-2500.0,-2500.0,0.94346,0.95512,0.90561
156.78,129.94,130.92,0.98705,0.68579,0.69642,-2500.0,-2500.0,-2500.0,0.85679,0.98224,0.82188
146.11,144.51,148.17,0.95724,0.97927,1.0267,-2500.0,-2500.0,-2500.0,0.93526,0.96704,0.87514
157.82,172.79,186.48,0.85845,1.1988,1.3967,-2500.0,-2500.0,-2500.0,0.53405,0.52383,0.4165
170.74,185.42,198.86,0.86944,1.1796,1.357,-2500.0,-2500.0,-2500.0,0.47206,0.4008,0.33765
162.02,176.5,188.67,0.87501,1.1867,1.3563,-2500.0,-2500.0,-2500.0,0.52615,0.32192,0.29438
172.52,186.46,197.56,0.89077,1.1683,1.3116,-2500.0,-2500.0,-2500.0,0.44472,0.2457,0.31314
181.32,191.83,202.67,0.89593,1.1192,1.2493,-2500.0,-2500.0,-2500.0,0.36127,0.26078,0.31036
185.78,196.23,206.06,0.90692,1.1157,1.2303,-2500.0,-2500.0,-2500.0,0.37373,0.35452,0.36559
180.6,190.72,199.93,0.9099,1.1151,1.2256,-2500.0,-2500.0,-2500.0,0.39548,0.43574,0.36129
184.52,194.65,203.24,0.91724,1.1129,1.2133,-2500.0,-2500.0,-2500.0,0.42026,0.48163,0.49608
125.12,118.45,117.66,1.0137,0.89635,0.88426,-2500.0,-2500.0,-2500.0,0.58516,0.6568,0.63732
144.35,136.29,135.55,1.0114,0.89142,0.88142,-2500.0,-2500.0,-2500.0,0.59826,0.66645,0.68833
116.34,110.33,109.09,1.0228,0.89929,0.8792,-2500.0,-2500.0,-2500.0,0.48988,0.5561,0.60407
133.17,125.58,123.73,1.03,0.88938,0.86345,-2500.0,-2500.0,-2500.0,0.53227,0.60299,0.61206
116.66,114.68,113.64,1.0183,0.9662,0.9488,-2500.0,-2500.0,-2500.0,0.58278,0.63306,0.59529
126.52,124.07,122.46,1.0265,0.96185,0.93701,-2500.0,-2500.0,-2500.0,0.6128,0.64916,0.60577
120.15,118.73,117.83,1.0152,0.97636,0.96179,-2500.0,-2500.0,-2500.0,0.69056,0.71841,0.69568
128.97,127.08,125.42,1.0267,0.97104,0.94578,-2500.0,-2500.0,-2500.0,0.66814,0.706,0.64167
205.04,197.91,195.52,1.0246,0.93171,0.9093,-2500.0,-2500.0,-2500.0,0.25917,0.36892,0.45193
207.6,201.16,198.32,1.0289,0.93891,0.91254,-2500.0,-2500.0,-2500.0,0.26865,0.33524,0.40925
204.82,198.17,195.46,1.028,0.93619,0.91072,-2500.0,-2500.0,-2500.0,0.23263,0.32785,0.42779
207.21,201.61,198.46,1.032,0.94666,0.91735,-2500.0,-2500.0,-2500.0,0.30808,0.30725,0.36783
92.085,86.399,80.258,1.1813,0.87522,0.75199,-2500.0,-2500.0,-2500.0,0.75145,0.58732,0.63606
106.76,99.009,91.579,1.192,0.85812,0.73433,-2500.0,-2500.0,-2500.0,0.79736,0.63423,0.65493
79.14,70.455,60.837,1.3401,0.79302,0.59307,-2500.0,-2500.0,-2500.0,0.57494,0.33836,0.36154
98.927,86.911,73.256,1.4072,0.7722,0.54884,-2500.0,-2500.0,-2500.0,0.59862,0.32772,0.36748
92.628,82.083,71.461,1.3192,0.78529,0.59592,-2500.0,-2500.0,-2500.0,0.571,0.34486,0.38876
107.98,95.156,81.851,1.3529,0.77664,0.57467,-2500.0,-2500.0,-2500.0,0.59855,0.36991,0.4019
88.117,77.825,67.43,1.3318,0.78023,0.58609,-2500.0,-2500.0,-2500.0,0.53743,0.29996,0.37272
103.36,90.478,77.179,1.3738,0.7665,0.55818,-2500.0,-2500.0,-2500.0,0.59689,0.33304,0.36618
80.689,66.585,54.904,1.4717,0.68098,0.46304,-2500.0,-2500.0,-2500.0,0.55761,0.3512,0.41215
84.976,70.286,58.177,1.4609,0.68426,0.46878,-2500.0,-2500.0,-2500.0,0.53868,0.31132,0.39334
83.053,68.441,55.879,1.5008,0.67909,0.45278,-2500.0,-2500.0,-2500.0,0.54645,0.28881,0.3954
86.951,71.866,58.282,1.5217,0.68313,0.44913,-2500.0,-2500.0,-2500.0,0.57047,0.29236,0.42539
48.614,31.587,34.224,1.0194,0.66806,0.83634,-2500.0,-2500.0,-2500.0,0.55317,0.84091,0.55246
101.5,87.948,90.659,0.91424,0.84324,0.95806,-2500.0,-2500.0,-2500.0,0.69395,0.93658,0.67613
62.121,16.711,16.184,1.1476,0.13217,0.098247,-2500.0,-2500.0,-2500.0,0.39631,0.71291,0.45793
134.1,96.6,98.372,0.93509,0.53105,0.54862,-2500.0,-2500.0,-2500.0,0.35925,0.97275,0.39043
109.75,69.336,69.851,0.93007,0.44095,0.4384,-2500.0,-2500.0,-2500.0,0.44265,0.9498,0.4722
143.97,90.318,88.598,0.97841,0.47761,0.45754,-2500.0,-2500.0,-2500.0,0.54001,0.91674,0.52934
108.83,75.15,75.383,0.94363,0.49265,0.4875,-2500.0,-2500.0,-2500.0,0.39051,0.95942,0.39875
139.14,127.48,121.7,1.0995,0.83629,0.76104,-2500.0,-2500.0,-2500.0,0.9455,0.95439,0.94324
64.717,76.64,33.441,5.7016,1.4335,0.26537,-2500.0,-2500.0,-2500.0,0.78107,0.58396,0.61375
70.281,80.356,36.156,5.0646,1.3226,0.26576,-2500.0,-2500.0,-2500.0,0.80426,0.54316,0.61858
62.859,80.677,28.37,8.2154,1.6508,0.20341,-2500.0,-2500.0,-2500.0,0.66011,0.58239,0.61349
64.811,76.396,33.748,6.0258,1.4549,0.27261,-2500.0,-2500.0,-2500.0,0.78931,0.33181,0.49003
7.8121,7.1748,5.8629,1.4333,0.92417,0.71752,-2500.0,-2500.0,-2500.0,0.95029,0.85421,0.8673
24.738,22.082,19.476,1.2774,0.84319,0.67957,-2500.0,-2500.0,-2500.0,0.92212,0.81438,0.83029
8.8656,7.7235,5.7708,1.6466,0.85631,0.56009,-2500.0,-2500.0,-2500.0,0.93639,0.79609,0.84167
19.956,16.378,13.733,1.3971,0.73235,0.53098,-2500.0,-2500.0,-2500.0,0.89716,0.78874,0.82813
12.564,11.697,9.4415,1.537,0.89203,0.5841,-2500.0,-2500.0,-2500.0,0.92266,0.7889,0.84266
32.882,21.45,18.447,1.3641,0.48478,0.33963,-2500.0,-2500.0,-2500.0,0.73537,0.74543,0.73957
12.985,12.023,9.8141,1.4191,0.90453,0.65788,-2500.0,-2500.0,-2500.0,0.94424,0.82735,0.8586
21.925,19.537,16.154,1.4636,0.80962,0.5609,-2500.0,-2500.0,-2500.0,0.92012,0.7925,0.84357
3.2115,3.2275,3.0041,1.131,1.0078,0.89936,-2500.0,-2500.0,-2500.0,0.99596,0.94771,0.94832
3.115,3.1246,2.969,1.1014,1.0058,0.91707,-2500.0,-2500.0,-2500.0,0.99695,0.95219,0.9523
3.6253,3.6473,3.3771,1.1659,1.0122,0.86873,-2500.0,-2500.0,-2500.0,0.99358,0.93065,0.93139
3.4034,3.4113,3.2839,1.0787,1.0046,0.93244,-2500.0,-2500.0,-2500.0,0.99658,0.95102,0.95009
91.279,134.81,177.31,0.57781,2.1929,3.812,-2500.0,-2500.0,-2500.0,0.58543,0.64072,0.45569
100.34,143.13,183.9,0.60928,2.0533,3.4187,-2500.0,-2500.0,-2500.0,0.52511,0.63261,0.38559
107.36,142.53,173.95,0.67559,1.7795,2.6799,-2500.0,-2500.0,-2500.0,0.43679,0.57166,-0.21553
112.67,143.36,170.16,0.74451,1.6644,2.4238,-2500.0,-2500.0,-2500.0,0.59656,0.50745,0.23717
147.17,141.78,134.01,1.3286,1.0927,1.2791,-2500.0,-2500.0,-2500.0,0.6938,0.78883,0.44655
116.61,150.27,180.46,0.74474,1.7372,2.6193,-2500.0,-2500.0,-2500.0,0.55251,0.44252,0.24889
170.66,137.93,98.942,1.9451,0.65299,0.33613,-2500.0,-2500.0,-2500.0,0.97292,0.96564,0.92703
148.51,141.05,129.66,1.3251,0.96217,0.93172,-2500.0,-2500.0,-2500.0,0.81848,0.8853,0.52811
92.202,77.382,59.096,1.6378,0.73624,0.47989,-2500.0,-2500.0,-2500.0,0.96584,0.90858,0.85018
132.98,110.78,84.328,1.7179,0.69682,0.41333,-2500.0,-2500.0,-2500.0,0.98183,0.97363,0.93342
129.23,107.98,82.908,1.6658,0.71226,0.43842,-2500.0,-2500.0,-2500.0,0.96411,0.97238,0.92081
143.27,118.8,87.773,1.8141,0.68795,0.38111,-2500.0,-2500.0,-2500.0,0.9907,0.9823,0.96396
143.09,180.87,220.84,0.67072,1.5981,2.3843,-2500.0,-2500.0,-2500.0,0.49457,0.36961,0.2215
149.64,187.12,225.09,0.69097,1.5642,2.2648,-2500.0,-2500.0,-2500.0,0.47346,0.52412,0.3522
149.5,187.07,224.51,0.69429,1.5657,2.2553,-2500.0,-2500.0,-2500.0,0.50187,0.56082,0.42281
155.24,193.01,229.36,0.70809,1.546,2.1834,-2500.0,-2500.0,-2500.0,0.45973,0.54675,0.51006
110.87,151.63,191.53,0.6263,1.8733,2.9953,-2500.0,-2500.0,-2500.0,0.59923,0.45095,0.40161
124.91,164.89,204.92,0.64731,1.745,2.697,-2500.0,-2500.0,-2500.0,0.51903,0.3442,0.31865
120.38,161.68,200.44,0.65058,1.8049,2.775,-2500.0,-2500.0,-2500.0,0.59092,0.41693,0.36932
132.38,171.86,210.95,0.66367,1.6864,2.5416,-2500.0,-2500.0,-2500.0,0.52376,0.31656,0.33585
87.692,85.312,79.142,1.1662,0.94602,0.81275,-2500.0,-2500.0,-2500.0,0.85323,0.82758,0.82938
93.087,95.495,97.132,1.0332,1.0371,1.0331,-2500.0,-2500.0,-2500.0,0.75086,0.73517,0.71802
73.005,70.04,63.003,1.2414,0.92164,0.74299,-2500.0,-2500.0,-2500.0,0.70354,0.63112,0.65237
93.673,95.905,96.438,1.0689,1.0351,1.0022,-2500.0,-2500.0,-2500.0,0.74529,0.69227,0.67808
72.607,70.24,62.304,1.2817,0.93866,0.73354,-2500.0,-2500.0,-2500.0,0.70829,0.60916,0.64061
96.916,95.588,93.051,1.0592,0.9781,0.92439,-2500.0,-2500.0,-2500.0,0.80049,0.81699,0.81028
111.1,109.7,107.49,1.0428,0.97797,0.93822,-2500.0,-2500.0,-2500.0,0.65647,0.66969,0.68083
56.596,57.081,54.172,1.1006,1.0455,0.95281,-2500.0,-2500.0,-2500.0,0.90386,0.89605,0.89368
86.574,85.87,83.151,1.0636,1.0092,0.94917,-2500.0,-2500.0,-2500.0,0.68921,0.6651,0.69656
97.942,96.35,91.935,1.1683,0.95634,0.84269,-2500.0,-2500.0,-2500.0,0.87503,0.85691,0.85318
140.69,140.82,141.86,0.98546,1.0017,1.0165,-2500.0,-2500.0,-2500.0,0.84375,0.79733,0.80366
105.47,103.98,99.394,1.157,0.96079,0.85561,-2500.0,-2500.0,-2500.0,0.93896,0.92502,0.92087
148.22,148.89,149.98,0.98548,1.0091,1.0242,-2500.0,-2500.0,-2500.0,0.95662,0.94025,0.9452
139.14,138.67,140.98,0.96675,0.99319,1.0285,-2500.0,-2500.0,-2500.0,0.92268,0.87297,0.86054
132.02,130.93,131.07,0.99785,0.9832,0.9857,-2500.0,-2500.0,-2500.0,0.90525,0.89671,0.90239
128.94,128.77,130.62,0.97258,0.9974,1.0262,-2500.0,-2500.0,-2500.0,0.97417,0.94341,0.94903
127.83,126.8,126.98,0.99831,0.98306,0.98581,-2500.0,-2500.0,-2500.0,0.9767,0.96711,0.96049
148.06,145.81,146.92,0.9864,0.96653,0.98017,-2500.0,-2500.0,-2500.0,0.64813,0.66022,0.67163
105.5,100.33,98.973,1.0441,0.89073,0.86246,-2500.0,-2500.0,-2500.0,0.78761,0.77773,0.7625
147.88,146.1,146.95,0.9902,0.97261,0.98253,-2500.0,-2500.0,-2500.0,0.64416,0.65418,0.68954
102.09,97.315,95.887,1.0514,0.88938,0.85782,-2500.0,-2500.0,-2500.0,0.77815,0.76732,0.74765
140.47,143.37,148.97,0.92622,1.0419,1.125,-2500.0,-2500.0,-2500.0,0.45874,0.53371,0.36041
148.81,151.31,155.88,0.94225,1.0342,1.0976,-2500.0,-2500.0,-2500.0,0.47209,0.51278,0.34213
142.63,144.93,149.58,0.93876,1.0325,1.0999,-2500.0,-2500.0,-2500.0,0.49075,0.50261,0.32505
149.17,151.47,155.1,0.95367,1.0313,1.0814,-2500.0,-2500.0,-2500.0,0.5373,0.48282,0.37109
121.14,125.73,131.47,0.91442,1.0773,1.1783,-2500.0,-2500.0,-2500.0,0.53358,0.61397,0.46245
137.66,141.16,146.63,0.92669,1.0518,1.1351,-2500.0,-2500.0,-2500.0,0.52521,0.61515,0.4344
125.85,130.54,135.6,0.92664,1.0758,1.161,-2500.0,-2500.0,-2500.0,0.49678,0.53863,0.39627
137.09,140.23,145.01,0.93516,1.0468,1.1194,-2500.0,-2500.0,-2500.0,0.46463,0.54269,0.3747
185.74,182.95,183.95,0.98911,0.97012,0.98082,-2500.0,-2500.0,-2500.0,0.49233,0.57889,0.51127
190.0,187.62,188.25,0.99334,0.97516,0.9817,-2500.0,-2500.0,-2500.0,0.43363,0.59297,0.50166
184.57,182.1,182.73,0.99306,0.9734,0.9802,-2500.0,-2500.0,-2500.0,0.43613,0.56433,0.49835
188.51,186.58,186.71,0.99856,0.97957,0.98098,-2500.0,-2500.0,-2500.0,0.41925,0.59282,0.50184
130.03,133.23,137.91,0.93321,1.0501,1.1254,-2500.0,-2500.0,-2500.0,0.50147,0.57697,0.34862
143.77,145.9,149.77,0.94898,1.0299,1.0854,-2500.0,-2500.0,-2500.0,0.51094,0.51957,0.34911
133.24,136.1,139.98,0.94519,1.0434,1.1039,-2500.0,-2500.0,-2500.0,0.54445,0.57842,0.40096
142.97,144.72,147.76,0.95926,1.0247,1.0682,-2500.0,-2500.0,-2500.0,0.50696,0.44487,0.36598
145.93,147.63,151.7,0.94699,1.0234,1.0808,-2500.0,-2500.0,-2500.0,0.50079,0.50604,0.30074
151.18,152.33,155.26,0.96262,1.0153,1.0548,-2500.0,-2500.0,-2500.0,0.6258,0.4963,0.46401
146.9,148.33,151.22,0.96213,1.0195,1.0598,-2500.0,-2500.0,-2500.0,0.60982,0.50197,0.38614
151.7,152.7,154.73,0.97397,1.0132,1.0403,-2500.0,-2500.0,-2500.0,0.64378,0.56344,0.55456
180.7,178.54,178.15,1.0044,0.97629,0.97202,-2500.0,-2500.0,-2500.0,0.43364,0.50706,0.52461
184.13,182.53,181.78,1.0083,0.98281,0.97472,-2500.0,-2500.0,-2500.0,0.5085,0.49058,0.46128
178.92,177.34,176.49,1.0096,0.9824,0.97308,-2500.0,-2500.0,-2500.0,0.43953,0.46633,0.50011
183.03,181.94,180.87,1.0118,0.98811,0.97655,-2500.0,-2500.0,-2500.0,0.50865,0.4182,0.49902
35.869,37.824,25.819,2.147,1.124,0.52468,-2500.0,-2500.0,-2500.0,0.9589,0.93827,0.94054
42.033,47.16,27.552,2.8239,1.2348,0.4639,-2500.0,-2500.0,-2500.0,0.97392,0.89542,0.91945
42.344,45.518,30.906,2.1792,1.1631,0.53439,-2500.0,-2500.0,-2500.0,0.96594,0.94496,0.94868
65.061,74.864,42.504,3.0857,1.3131,0.43708,-2500.0,-2500.0,-2500.0,0.9842,0.9224,0.95011
36.81,40.116,26.212,2.337,1.2045,0.52967,-2500.0,-2500.0,-2500.0,0.95215,0.92853,0.93132
39.237,41.972,28.826,2.1445,1.1516,0.5484,-2500.0,-2500.0,-2500.0,0.96525,0.93065,0.94058
30.656,34.148,23.296,2.1499,1.279,0.59804,-2500.0,-2500.0,-2500.0,0.97114,0.94782,0.94814
33.456,36.859,25.249,2.1302,1.2142,0.57097,-2500.0,-2500.0,-2500.0,0.96312,0.94889,0.95616
65.33,75.841,34.271,4.7647,1.3348,0.30719,-2500.0,-2500.0,-2500.0,0.89362,0.73351,0.83472
67.55,77.117,36.522,4.2469,1.2988,0.34922,-2500.0,-2500.0,-2500.0,0.91782,0.77835,0.83741
38.735,43.319,25.663,2.8967,1.252,0.44799,-2500.0,-2500.0,-2500.0,0.99109,0.9612,0.96494
52.669,60.682,30.419,3.9559,1.3257,0.3496,-2500.0,-2500.0,-2500.0,0.96161,0.79905,0.85009
12.72,15.228,13.027,1.3647,1.4192,1.0426,-2500.0,-2500.0,-2500.0,0.95826,0.97528,0.96178
12.089,14.697,12.204,1.4402,1.4645,1.0205,-2500.0,-2500.0,-2500.0,0.92286,0.94477,0.92454
18.223,22.126,19.118,1.3615,1.4731,1.0894,-2500.0,-2500.0,-2500.0,0.96256,0.9809,0.96784
11.915,14.9,12.122,1.5203,1.5565,1.029,-2500.0,-2500.0,-2500.0,0.9203,0.93871,0.92864
29.347,34.077,29.391,1.4349,1.4167,0.99875,-2500.0,-2500.0,-2500.0,0.93073,0.9458,0.94737
31.384,38.03,33.236,1.3488,1.474,1.102,-2500.0,-2500.0,-2500.0,0.93915,0.95445,0.95806
27.376,33.814,27.123,1.6183,1.5637,0.97288,-2500.0,-2500.0,-2500.0,0.90636,0.929,0.94514
40.54,50.707,43.735,1.3516,1.5707,1.1621,-2500.0,-2500.0,-2500.0,0.95447,0.96932,0.97053
42.321,46.739,41.74,1.3439,1.3159,0.98702,-2500.0,-2500.0,-2500.0,0.92758,0.94822,0.94304
40.164,46.427,41.789,1.2859,1.3586,1.0753,-2500.0,-2500.0,-2500.0,0.9486,0.93855,0.94513
25.528,31.908,26.095,1.5792,1.6045,1.0351,-2500.0,-2500.0,-2500.0,0.94808,0.95188,0.96198
29.252,34.138,29.832,1.3312,1.3726,1.0347,-2500.0,-2500.0,-2500.0,0.97477,0.97798,0.98446
25.897,29.815,26.466,1.4601,1.3758,0.98225,-2500.0,-2500.0,-2500.0,0.9593,0.951,0.94814
120.36,127.7,139.64,0.84675,1.1485,1.3579,-2500.0,-2500.0,-2500.0,0.99478,0.98883,0.9906
26.705,30.331,25.292,1.4698,1.2948,0.89194,-2500.0,-2500.0,-2500.0,0.94662,0.9555,0.95493
110.6,118.22,128.67,0.84841,1.1616,1.3728,-2500.0,-2500.0,-2500.0,0.99755,0.99261,0.99173
97.225,103.98,110.74,0.97863,1.2295,1.276,-2500.0,-2500.0,-2500.0,0.98225,0.98419,0.98001
98.796,105.72,111.6,0.91715,1.1711,1.2787,-2500.0,-2500.0,-2500.0,0.99687,0.99249,0.99284
31.319,39.211,32.904,1.5498,1.6366,1.0724,-2500.0,-2500.0,-2500.0,0.9244,0.91612,0.916
64.277,71.677,71.102,1.1382,1.3182,1.1802,-2500.0,-2500.0,-2500.0,0.99608,0.98853,0.98884
54.439,58.571,59.267,1.1878,1.2092,1.1048,-2500.0,-2500.0,-2500.0,0.88617,0.87302,0.8499
89.157,93.857,100.63,0.95561,1.1321,1.2402,-2500.0,-2500.0,-2500.0,0.752,0.74033,0.71744
26.185,30.502,19.74,2.385,1.3548,0.56845,-2500.0,-2500.0,-2500.0,0.74976,0.69519,0.77258
32.37,38.791,26.403,2.1803,1.4381,0.66437,-2500.0,-2500.0,-2500.0,0.88047,0.84626,0.88568
47.514,47.28,36.072,1.9725,1.0511,0.67134,-2500.0,-2500.0,-2500.0,0.85981,0.78726,0.75265
65.216,64.33,55.698,1.6954,0.97433,0.75788,-2500.0,-2500.0,-2500.0,0.68492,0.5586,0.53591
94.987,89.317,44.667,4.0465,0.89161,0.22087,-2500.0,-2500.0,-2500.0,0.83441,0.86907,0.82199
67.803,70.326,27.356,6.6943,1.0777,0.16394,-2500.0,-2500.0,-2500.0,0.78719,0.21222,0.35481
63.476,67.303,57.01,1.6689,1.1784,0.77499,-2500.0,-2500.0,-2500.0,0.95631,0.85814,0.8842
74.101,77.446,61.748,1.8614,1.1241,0.69062,-2500.0,-2500.0,-2500.0,0.97401,0.83831,0.84979
32.033,37.097,26.386,2.0774,1.3663,0.6696,-2500.0,-2500.0,-2500.0,0.95448,0.90604,0.91304
44.989,50.522,38.185,2.1532,1.3134,0.68338,-2500.0,-2500.0,-2500.0,0.95813,0.91062,0.91348
42.945,46.841,29.802,2.5774,1.2303,0.5017,-2500.0,-2500.0,-2500.0,0.927,0.88223,0.89565
79.485,83.614,73.584,1.393,1.1286,0.84543,-2500.0,-2500.0,-2500.0,0.96981,0.90812,0.90352
47.836,47.224,29.473,2.6073,1.0355,0.40516,-2500.0,-2500.0,-2500.0,0.91406,0.88487,0.8749
75.865,82.227,64.741,1.8125,1.1886,0.71777,-2500.0,-2500.0,-2500.0,0.97604,0.83577,0.88102
190.64,205.2,223.1,0.84585,1.1586,1.3698,-2500.0,-2500.0,-2500.0,0.53652,0.53542,0.51338
197.84,212.1,229.58,0.85347,1.1494,1.3469,-2500.0,-2500.0,-2500.0,0.38851,0.35814,0.44099
196.0,210.6,227.92,0.85382,1.1545,1.3523,-2500.0,-2500.0,-2500.0,0.47042,0.409,0.44606
201.68,215.39,232.09,0.86126,1.1406,1.3244,-2500.0,-2500.0,-2500.0,0.26673,0.36536,0.43632
209.18,223.76,242.01,0.8549,1.1443,1.3385,-2500.0,-2500.0,-2500.0,0.5417,0.44736,0.43175
209.28,224.37,242.0,0.8596,1.1494,1.3372,-2500.0,-2500.0,-2500.0,0.54465,0.38669,0.42864
209.65,224.63,242.34,0.85923,1.1481,1.3361,-2500.0,-2500.0,-2500.0,0.50909,0.35164,0.42198
211.03,226.25,242.64,0.86949,1.1495,1.3221,-2500.0,-2500.0,-2500.0,0.48762,0.41836,0.40668
154.79,155.1,155.46,1.0106,0.99894,0.99828,-2500.0,-2500.0,-2500.0,0.8822,0.87621,0.76109
145.97,141.82,137.91,1.0582,0.94413,0.89316,-2500.0,-2500.0,-2500.0,0.89337,0.88323,0.80131
142.69,140.24,135.33,1.0739,0.96643,0.90142,-2500.0,-2500.0,-2500.0,0.79002,0.78537,0.65579
146.07,141.53,136.83,1.0699,0.93909,0.87833,-2500.0,-2500.0,-2500.0,0.85368,0.82989,0.71439
144.61,155.84,170.78,0.83199,1.1637,1.4008,-2500.0,-2500.0,-2500.0,0.66967,0.65984,0.53841
163.42,172.02,184.7,0.86728,1.1085,1.2787,-2500.0,-2500.0,-2500.0,0.5671,0.50871,0.31108
157.57,166.52,179.18,0.86344,1.1176,1.2952,-2500.0,-2500.0,-2500.0,0.67728,0.57354,0.44261
171.37,178.25,188.8,0.89137,1.0821,1.214,-2500.0,-2500.0,-2500.0,0.62439,0.57886,0.52366
180.53,185.83,197.39,0.88621,1.0597,1.196,-2500.0,-2500.0,-2500.0,0.39667,0.43741,0.40351
185.03,190.79,201.81,0.89384,1.0633,1.1897,-2500.0,-2500.0,-2500.0,0.33741,0.42152,0.43356
183.42,188.55,198.84,0.89915,1.0567,1.1753,-2500.0,-2500.0,-2500.0,0.28134,0.45912,0.42689
185.34,191.09,200.96,0.90422,1.0631,1.1757,-2500.0,-2500.0,-2500.0,0.36763,0.44754,0.50627
213.98,223.11,235.72,0.89497,1.0884,1.2167,-2500.0,-2500.0,-2500.0,0.47453,0.45569,0.18599
222.64,230.9,241.73,0.91237,1.0755,1.1789,-2500.0,-2500.0,-2500.0,0.43556,0.5554,0.39422
198.98,207.16,218.37,0.89935,1.0837,1.2054,-2500.0,-2500.0,-2500.0,0.59251,0.58358,0.37823
215.75,223.62,233.42,0.91788,1.0734,1.1695,-2500.0,-2500.0,-2500.0,0.60592,0.69869,0.72084
146.91,136.79,114.92,1.5823,0.87489,0.65466,-2500.0,-2500.0,-2500.0,0.9269,0.89261,0.87153
143.01,131.05,104.49,1.6382,0.86056,0.59551,-2500.0,-2500.0,-2500.0,0.91539,0.8555,0.8405
143.73,144.38,144.47,0.99451,1.0174,1.0244,-2500.0,-2500.0,-2500.0,0.98058,0.97421,0.97818
117.39,116.14,111.15,1.1,0.986,0.89707,-2500.0,-2500.0,-2500.0,0.90679,0.85768,0.84963
131.27,127.55,122.39,1.0907,0.95277,0.87517,-2500.0,-2500.0,-2500.0,0.90241,0.86154,0.86551
99.286,97.851,93.872,1.087,0.9756,0.90048,-2500.0,-2500.0,-2500.0,0.79943,0.76365,0.70011
131.42,127.52,121.66,1.1026,0.95142,0.86393,-2500.0,-2500.0,-2500.0,0.90562,0.89814,0.87538
91.746,90.175,84.5,1.1356,0.97168,0.85645,-2500.0,-2500.0,-2500.0,0.79312,0.84904,0.75685
124.52,135.93,152.13,0.82752,1.3111,1.7529,-2500.0,-2500.0,-2500.0,0.82297,0.92945,0.68243
121.22,128.97,138.32,0.91513,1.2532,1.548,-2500.0,-2500.0,-2500.0,0.84268,0.937,0.72752
76.037,102.97,134.16,0.58916,1.8348,3.1149,-2500.0,-2500.0,-2500.0,0.87436,0.97013,0.81267
74.623,98.952,126.26,0.61558,1.7575,2.8624,-2500.0,-2500.0,-2500.0,0.89408,0.97993,0.84905
127.53,150.62,172.49,0.76205,1.4041,1.8534,-2500.0,-2500.0,-2500.0,0.77724,0.71916,0.67231
135.33,152.28,168.64,0.8191,1.2824,1.5674,-2500.0,-2500.0,-2500.0,0.83266,0.74974,0.68502
153.44,170.61,186.13,0.84078,1.2426,1.4855,-2500.0,-2500.0,-2500.0,0.93032,0.8483,0.82627
158.4,171.06,182.63,0.88025,1.173,1.334,-2500.0,-2500.0,-2500.0,0.9517,0.87551,0.85
147.61,156.94,165.71,0.89618,1.1547,1.2933,-2500.0,-2500.0,-2500.0,0.89953,0.84691,0.80471
188.82,202.95,215.72,0.88456,1.1592,1.3149,-2500.0,-2500.0,-2500.0,0.78753,0.66187,0.61042
151.37,159.22,165.47,0.92469,1.1357,1.2291,-2500.0,-2500.0,-2500.0,0.86966,0.82211,0.7877
211.56,218.22,223.68,0.95176,1.064,1.118,-2500.0,-2500.0,-2500.0,0.89093,0.69896,0.64354
39.87,42.222,41.017,1.0631,1.208,1.1378,-2500.0,-2500.0,-2500.0,0.79189,0.85232,0.84082
125.58,137.45,152.97,0.81789,1.2284,1.5426,-2500.0,-2500.0,-2500.0,0.95777,0.93763,0.89443
55.584,59.439,60.996,0.94498,1.1932,1.2986,-2500.0,-2500.0,-2500.0,0.98745,0.98733,0.97365
82.763,90.685,99.315,0.80878,1.2819,1.6169,-2500.0,-2500.0,-2500.0,0.95512,0.92717,0.89035
47.65,50.524,52.482,0.92633,1.1252,1.2155,-2500.0,-2500.0,-2500.0,0.96391,0.95317,0.93678
42.468,45.804,48.628,0.88336,1.1773,1.3366,-2500.0,-2500.0,-2500.0,0.97163,0.95864,0.94661
88.096,78.007,63.158,1.3714,0.90191,0.70514,-2500.0,-2500.0,-2500.0,0.93738,0.92079,0.90725
108.18,91.813,70.567,1.6901,0.72438,0.43155,-2500.0,-2500.0,-2500.0,0.97592,0.96724,0.94278
62.112,55.508,44.972,1.3377,0.94756,0.76578,-2500.0,-2500.0,-2500.0,0.97268,0.97568,0.96499
98.839,84.814,65.539,1.6564,0.74851,0.45399,-2500.0,-2500.0,-2500.0,0.96461,0.95737,0.92724
43.391,47.702,47.019,1.0316,1.2091,1.1738,-2500.0,-2500.0,-2500.0,0.673,0.76563,0.73134
36.651,39.712,37.72,1.1167,1.1738,1.0552,-2500.0,-2500.0,-2500.0,0.89526,0.92272,0.90276
45.838,50.783,50.512,1.0151,1.2273,1.2124,-2500.0,-2500.0,-2500.0,0.7271,0.80299,0.76029
37.254,40.651,39.681,1.0635,1.1856,1.1184,-2500.0,-2500.0,-2500.0,0.84347,0.86693,0.87266
38.97,42.012,41.437,1.0342,1.1721,1.14,-2500.0,-2500.0,-2500.0,0.84684,0.88081,0.84971
36.845,39.278,38.394,1.0477,1.1376,1.086,-2500.0,-2500.0,-2500.0,0.88782,0.93751,0.9213
21.262,23.843,23.955,0.99649,1.3078,1.3133,-2500.0,-2500.0,-2500.0,0.96297,0.97914,0.96105
35.285,37.895,37.001,1.0492,1.1552,1.1013,-2500.0,-2500.0,-2500.0,0.88299,0.93231,0.9135
126.06,153.65,180.46,0.72814,1.4836,2.0421,-2500.0,-2500.0,-2500.0,0.51157,0.63985,0.45555
86.087,93.173,98.268,0.94725,1.1684,1.2947,-2500.0,-2500.0,-2500.0,0.89749,0.92436,0.82859
92.265,112.0,130.38,0.76457,1.457,1.9298,-2500.0,-2500.0,-2500.0,0.73462,0.82901,0.72745
52.479,56.767,58.45,0.94126,1.1998,1.2942,-2500.0,-2500.0,-2500.0,0.93963,0.93832,0.86335
130.35,155.11,181.43,0.73004,1.4207,1.95,-2500.0,-2500.0,-2500.0,0.69943,0.71935,0.60499
146.88,170.74,197.13,0.74975,1.3542,1.808,-2500.0,-2500.0,-2500.0,0.64761,0.65258,0.53765
145.78,168.65,193.13,0.76243,1.3387,1.7561,-2500.0,-2500.0,-2500.0,0.70326,0.64375,0.60684
160.65,181.97,206.43,0.77702,1.2834,1.6519,-2500.0,-2500.0,-2500.0,0.69194,0.50934,0.50671
160.64,180.76,205.81,0.77121,1.267,1.6442,-2500.0,-2500.0,-2500.0,0.61394,0.48572,0.42986
168.28,188.36,212.69,0.78415,1.2536,1.6,-2500.0,-2500.0,-2500.0,0.63744,0.48164,0.39281
170.7,189.67,212.01,0.80032,1.2346,1.5427,-2500.0,-2500.0,-2500.0,0.60903,0.32508,0.27547
178.98,197.83,218.23,0.82175,1.2219,1.4871,-2500.0,-2500.0,-2500.0,0.60161,0.36832,0.16708
38.835,58.315,79.902,0.53576,2.2458,4.2113,-2500.0,-2500.0,-2500.0,0.61633,0.53093,0.44722
70.922,77.272,85.798,0.74406,1.385,1.9605,-2500.0,-2500.0,-2500.0,0.87586,0.91948,0.8825
38.635,59.16,81.181,0.5332,2.3364,4.3955,-2500.0,-2500.0,-2500.0,0.58176,0.51903,0.43606
31.946,38.405,46.723,0.6737,1.4687,2.2026,-2500.0,-2500.0,-2500.0,0.9575,0.98881,0.93879
55.976,52.086,49.221,1.1158,0.83847,0.7521,-2500.0,-2500.0,-2500.0,0.80047,0.82929,0.78459
82.278,80.116,77.42,1.0831,0.94459,0.8766,-2500.0,-2500.0,-2500.0,0.83911,0.86133,0.81693
56.771,51.761,48.037,1.1497,0.79425,0.68991,-2500.0,-2500.0,-2500.0,0.80206,0.83951,0.75996
82.476,80.742,77.869,1.0873,0.95466,0.8817,-2500.0,-2500.0,-2500.0,0.86633,0.87012,0.83315
77.879,74.529,71.812,1.0802,0.91575,0.84895,-2500.0,-2500.0,-2500.0,0.79111,0.8243,0.77623
87.01,85.735,83.48,1.071,0.98069,0.94053,-2500.0,-2500.0,-2500.0,0.90995,0.9216,0.88842
76.637,73.399,70.464,1.0875,0.91748,0.84449,-2500.0,-2500.0,-2500.0,0.76894,0.79534,0.76171
113.66,107.04,98.888,1.205,0.8878,0.76582,-2500.0,-2500.0,-2500.0,0.92539,0.94784,0.88676
164.75,178.25,196.33,0.81343,1.2218,1.5219,-2500.0,-2500.0,-2500.0,0.85923,0.88592,0.79558
121.57,127.57,138.22,0.83625,1.1678,1.4527,-2500.0,-2500.0,-2500.0,0.6134,0.80556,0.46908
160.76,174.85,193.03,0.8096,1.2386,1.5473,-2500.0,-2500.0,-2500.0,0.80692,0.83785,0.75445
93.01,101.19,113.52,0.8022,1.2332,1.5777,-2500.0,-2500.0,-2500.0,0.60527,0.77227,0.42384
44.926,24.898,13.925,3.2042,0.31238,0.099952,-2500.0,-2500.0,-2500.0,0.74471,0.55595,0.39506
59.651,29.92,16.133,3.4387,0.25537,0.075154,-2500.0,-2500.0,-2500.0,0.80327,0.67928,0.53038
45.722,26.775,15.283,3.0695,0.34616,0.11371,-2500.0,-2500.0,-2500.0,0.87981,0.66123,0.52152
63.165,32.431,17.88,3.2869,0.26553,0.080924,-2500.0,-2500.0,-2500.0,0.82285,0.80165,0.63274
57.683,28.108,14.858,3.5911,0.24187,0.06866,-2500.0,-2500.0,-2500.0,0.78036,0.64463,0.50743
73.848,34.094,17.275,3.9712,0.21641,0.05727,-2500.0,-2500.0,-2500.0,0.83195,0.73421,0.58329
58.205,26.902,13.761,3.822,0.2147,0.056743,-2500.0,-2500.0,-2500.0,0.82366,0.53052,0.27832
73.532,32.086,15.182,4.4663,0.19075,0.042724,-2500.0,-2500.0,-2500.0,0.87123,0.57696,0.35494
82.744,36.059,17.365,4.3105,0.19057,0.044524,-2500.0,-2500.0,-2500.0,0.78986,0.66135,0.49153
148.98,101.6,67.286,2.8192,0.42595,0.18608,-2500.0,-2500.0,-2500.0,0.89375,0.87485,0.77971
66.74,30.691,15.98,3.687,0.21127,0.057426,-2500.0,-2500.0,-2500.0,0.81446,0.60802,0.42665
135.15,84.653,50.39,3.081,0.36439,0.12719,-2500.0,-2500.0,-2500.0,0.91856,0.87752,0.76743
82.562,33.897,16.821,4.0772,0.16938,0.042137,-2500.0,-2500.0,-2500.0,0.74031,0.46898,0.3111
132.33,76.738,38.9,4.1501,0.31779,0.082815,-2500.0,-2500.0,-2500.0,0.89119,0.69568,0.60989
63.754,27.587,15.065,3.3626,0.18753,0.056181,-2500.0,-2500.0,-2500.0,0.76018,0.48173,0.3049
114.11,59.498,27.523,4.6838,0.26089,0.056661,-2500.0,-2500.0,-2500.0,0.90766,0.65237,0.57138
50.617,27.699,18.694,2.2369,0.30369,0.14058,-2500.0,-2500.0,-2500.0,0.67316,0.60612,0.51302
65.346,32.031,19.815,2.6899,0.24731,0.098649,-2500.0,-2500.0,-2500.0,0.71672,0.57625,0.42926
48.479,23.817,14.823,2.581,0.2441,0.095417,-2500.0,-2500.0,-2500.0,0.68079,0.49301,0.34674
66.832,29.585,16.493,3.2252,0.197,0.061988,-2500.0,-2500.0,-2500.0,0.72703,0.43939,0.24999
65.546,52.118,51.578,1.1314,0.62132,0.60747,-2500.0,-2500.0,-2500.0,0.80888,0.77283,0.69827
56.009,33.931,26.991,1.6243,0.37008,0.23712,-2500.0,-2500.0,-2500.0,0.71979,0.6683,0.55098
45.168,28.655,20.803,1.8985,0.40425,0.21281,-2500.0,-2500.0,-2500.0,0.7737,0.82658,0.689
54.979,29.421,20.951,1.9734,0.29036,0.14848,-2500.0,-2500.0,-2500.0,0.56272,0.71197,0.37857
8.9113,8.9005,6.4574,1.858,1.004,0.54985,-2500.0,-2500.0,-2500.0,0.98246,0.89966,0.90966
30.168,23.9,13.876,2.8755,0.68987,0.25326,-2500.0,-2500.0,-2500.0,0.95106,0.83559,0.80262
8.7499,8.6847,6.2643,1.8951,0.99416,0.52824,-2500.0,-2500.0,-2500.0,0.98198,0.91492,0.91876
25.206,21.171,12.427,2.8424,0.74808,0.2752,-2500.0,-2500.0,-2500.0,0.94329,0.83746,0.79352
18.53,16.62,10.586,2.4376,0.82717,0.34769,-2500.0,-2500.0,-2500.0,0.9378,0.80961,0.78549
51.722,36.237,18.581,3.7296,0.51853,0.14277,-2500.0,-2500.0,-2500.0,0.93398,0.82862,0.8082
20.331,17.752,11.034,2.5669,0.77558,0.31202,-2500.0,-2500.0,-2500.0,0.94088,0.80432,0.79804
46.719,33.452,17.571,3.5529,0.54975,0.15849,-2500.0,-2500.0,-2500.0,0.93606,0.8305,0.7956
33.876,25.701,13.636,3.5606,0.59564,0.17255,-2500.0,-2500.0,-2500.0,0.88267,0.68491,0.67244
99.241,64.957,29.802,4.6649,0.42955,0.094254,-2500.0,-2500.0,-2500.0,0.94969,0.82028,0.81126
36.187,27.107,13.947,3.788,0.58588,0.15559,-2500.0,-2500.0,-2500.0,0.86525,0.6786,0.64864
99.564,64.592,28.94,4.8898,0.42356,0.088453,-2500.0,-2500.0,-2500.0,0.93134,0.77726,0.7797
71.736,47.098,21.688,4.5356,0.44777,0.10453,-2500.0,-2500.0,-2500.0,0.88189,0.68028,0.65036
134.26,91.317,39.164,5.4912,0.4556,0.084042,-2500.0,-2500.0,-2500.0,0.92874,0.75894,0.77441
69.846,45.723,21.066,4.6728,0.44156,0.09614,-2500.0,-2500.0,-2500.0,0.8911,0.73439,0.72053
126.15,84.217,34.76,5.8563,0.44155,0.075867,-2500.0,-2500.0,-2500.0,0.89312,0.71622,0.74944
106.75,66.968,28.242,5.5764,0.39202,0.071143,-2500.0,-2500.0,-2500.0,0.85809,0.64503,0.62604
145.24,97.546,40.566,5.8543,0.44794,0.077166,-2500.0,-2500.0,-2500.0,0.80898,0.56057,0.6303
103.09,64.258,27.597,5.4149,0.38809,0.071999,-2500.0,-2500.0,-2500.0,0.81219,0.51795,0.51113
120.92,76.491,30.826,6.1544,0.3998,0.064968,-2500.0,-2500.0,-2500.0,0.72173,0.50558,0.51919
106.82,65.743,27.723,5.6141,0.37803,0.06773,-2500.0,-2500.0,-2500.0,0.70053,0.53852,0.54819
108.69,70.531,29.502,5.5486,0.42582,0.081839,-2500.0,-2500.0,-2500.0,0.87738,0.69143,0.70567
96.143,58.842,26.41,4.9617,0.37443,0.075526,-2500.0,-2500.0,-2500.0,0.69928,0.56547,0.60417
51.796,34.791,17.803,3.6256,0.50949,0.16592,-2500.0,-2500.0,-2500.0,0.98629,0.91826,0.90169
46.049,30.045,15.752,3.2914,0.56698,0.22639,-2500.0,-2500.0,-2500.0,0.95174,0.87829,0.87233
33.365,23.66,13.812,2.7943,0.58043,0.23692,-2500.0,-2500.0,-2500.0,0.95236,0.86543,0.8364
23.074,16.806,9.9844,2.5273,0.71837,0.35664,-2500.0,-2500.0,-2500.0,0.98528,0.8806,0.88215
86.026,51.807,23.556,4.832,0.36307,0.075396,-2500.0,-2500.0,-2500.0,0.97915,0.82492,0.79843
46.495,55.31,16.35,1085.5,1.3847,0.49027,-2500.0,-2500.0,-2500.0,0.84625,0.28461,0.34146
142.13,161.46,18.353,1465.7,1.3243,0.060238,-2500.0,-2500.0,-2500.0,0.89394,0.17069,0.29458
79.291,90.984,20.244,2488.0,1.2843,0.15343,-2500.0,-2500.0,-2500.0,0.72573,0.13558,0.27198
161.27,185.35,14.654,3197.9,1.3244,0.010374,-2500.0,-2500.0,-2500.0,0.8921,0.35021,0.49004
98.902,113.95,64.242,4.7926,1.3705,0.78296,-2500.0,-2500.0,-2500.0,0.68269,0.42657,0.59257
160.22,173.69,92.566,5.1861,1.1819,0.39623,-2500.0,-2500.0,-2500.0,0.51474,0.17736,0.64603
249.28,246.55,200.14,1.6048,0.98206,0.65075,-2500.0,-2500.0,-2500.0,-0.57206,-0.144,0.53274
56.713,59.049,49.353,1.4346,1.0842,0.76679,-2500.0,-2500.0,-2500.0,0.86265,0.78961,0.80659
63.646,66.214,53.859,1.5183,1.0831,0.7155,-2500.0,-2500.0,-2500.0,0.78943,0.76148,0.79287
56.259,58.848,46.487,1.5918,1.0923,0.70258,-2500.0,-2500.0,-2500.0,0.85027,0.76338,0.76838
58.701,61.595,48.534,1.6101,1.1009,0.685,-2500.0,-2500.0,-2500.0,0.73554,0.69932,0.75161
31.824,37.562,26.937,1.9791,1.3884,0.7459,-2500.0,-2500.0,-2500.0,0.71569,0.66253,0.7155
38.171,44.541,31.756,1.9775,1.3637,0.69129,-2500.0,-2500.0,-2500.0,0.54452,0.5511,0.56315
38.069,44.862,32.375,1.9913,1.3861,0.79202,-2500.0,-2500.0,-2500.0,0.76346,0.69365,0.77601
41.384,47.894,35.479,1.8231,1.3414,0.73586,-2500.0,-2500.0,-2500.0,0.54247,0.54165,0.57779
98.943,100.16,84.138,1.4278,1.0434,0.74258,-2500.0,-2500.0,-2500.0,0.89728,0.8022,0.84099
57.921,62.06,55.817,1.2369,1.1493,0.93134,-2500.0,-2500.0,-2500.0,0.87291,0.85304,0.866
105.86,106.85,89.764,1.4623,1.0341,0.71781,-2500.0,-2500.0,-2500.0,0.90491,0.81534,0.86662
53.805,58.297,50.046,1.3544,1.1735,0.86914,-2500.0,-2500.0,-2500.0,0.79684,0.71327,0.75918
62.467,65.862,49.407,1.9235,1.1609,0.63155,-2500.0,-2500.0,-2500.0,0.90632,0.86695,0.86838
21.185,25.373,18.777,1.8121,1.4309,0.79798,-2500.0,-2500.0,-2500.0,0.74358,0.74568,0.73712
66.966,70.45,52.894,2.0001,1.1515,0.61041,-2500.0,-2500.0,-2500.0,0.91712,0.87103,0.88201
22.989,27.173,20.236,1.8025,1.3912,0.78339,-2500.0,-2500.0,-2500.0,0.69727,0.65756,0.70391
235.76,237.02,239.13,0.98157,1.012,1.0317,-2500.0,-2500.0,-2500.0,0.98219,0.97297,0.9606
191.04,198.67,205.73,0.93246,1.0825,1.1611,-2500.0,-2500.0,-2500.0,0.77705,0.80629,0.71968
230.32,232.04,233.88,0.98457,1.0147,1.0308,-2500.0,-2500.0,-2500.0,0.96215,0.95012,0.93346
82.032,83.925,85.099,0.9798,1.0895,1.113,-2500.0,-2500.0,-2500.0,0.84645,0.8729,0.83991
41.304,44.251,44.144,1.0051,1.1483,1.1431,-2500.0,-2500.0,-2500.0,0.72184,0.7739,0.73575
80.616,82.483,82.418,1.006,1.1059,1.1016,-2500.0,-2500.0,-2500.0,0.81806,0.85506,0.80606
40.893,44.637,44.028,1.028,1.1921,1.1597,-2500.0,-2500.0,-2500.0,0.70115,0.74426,0.72089
89.369,93.439,96.699,0.93355,1.0934,1.1714,-2500.0,-2500.0,-2500.0,0.41562,0.43313,0.39085
84.784,89.155,92.624,0.92647,1.106,1.1938,-2500.0,-2500.0,-2500.0,0.40865,0.42368,0.39523
6.7466,7.6487,6.8659,1.0761,1.0937,1.0142,-2500.0,-2500.0,-2500.0,0.9734,0.96851,0.97144
15.138,17.911,15.732,1.2688,1.377,1.0852,-2500.0,-2500.0,-2500.0,0.89337,0.88536,0.87122
2.2609,2.262,2.2594,1.002,1.0008,0.99881,-2500.0,-2500.0,-2500.0,0.99926,0.99854,0.99853
6.9227,7.754,7.1375,1.1318,1.185,1.0447,-2500.0,-2500.0,-2500.0,0.97535,0.98182,0.97624
4.9183,5.3397,4.9274,1.0757,1.077,1.0011,-2500.0,-2500.0,-2500.0,0.98619,0.98452,0.98063
3.8736,3.9986,3.9016,1.0325,1.0438,1.0104,-2500.0,-2500.0,-2500.0,0.9779,0.98837,0.98424
2.5927,2.6004,2.5965,1.0028,1.0055,1.0027,-2500.0,-2500.0,-2500.0,0.99356,0.99841,0.99835
2.8251,2.8371,2.831,1.0038,1.0076,1.0037,-2500.0,-2500.0,-2500.0,0.9915,0.99785,0.99786
2.8425,2.8567,2.8482,1.0055,1.0094,1.0038,-2500.0,-2500.0,-2500.0,0.9917,0.99717,0.99693
4.6211,4.8203,4.698,1.0463,1.078,1.0297,-2500.0,-2500.0,-2500.0,0.93383,0.9748,0.96901
3.0652,3.0845,3.0687,1.0103,1.0125,1.0022,-2500.0,-2500.0,-2500.0,0.98964,0.99487,0.99477
5.1951,5.5155,5.3098,1.0608,1.0992,1.0349,-2500.0,-2500.0,-2500.0,0.95937,0.98261,0.9779
3.6884,3.7471,3.6827,1.0219,1.0223,1.0008,-2500.0,-2500.0,-2500.0,0.98733,0.99234,0.99171
13.563,14.142,13.144,1.1371,1.099,0.96875,-2500.0,-2500.0,-2500.0,0.97332,0.97764,0.9751
6.8363,7.0927,6.5985,1.1188,1.0646,0.9547,-2500.0,-2500.0,-2500.0,0.98818,0.98283,0.98267
20.394,20.883,19.394,1.1683,1.091,0.93421,-2500.0,-2500.0,-2500.0,0.98477,0.97838,0.97892
11.478,11.967,11.033,1.164,1.0906,0.93888,-2500.0,-2500.0,-2500.0,0.98813,0.98264,0.98129
64.392,64.251,62.284,1.102,1.041,0.95085,-2500.0,-2500.0,-2500.0,0.98639,0.97529,0.97282
10.699,11.211,10.274,1.1805,1.0947,0.92752,-2500.0,-2500.0,-2500.0,0.98997,0.98272,0.98186
14.614,15.383,14.31,1.1488,1.1156,0.97258,-2500.0,-2500.0,-2500.0,0.98012,0.97339,0.96997
16.472,17.324,15.897,1.1702,1.1102,0.95104,-2500.0,-2500.0,-2500.0,0.97607,0.96477,0.96493
20.335,21.164,20.786,1.0674,1.1025,1.0353,-2500.0,-2500.0,-2500.0,0.94377,0.92952,0.92922
16.372,17.076,16.21,1.119,1.101,0.98441,-2500.0,-2500.0,-2500.0,0.97258,0.95842,0.96046
17.87,18.654,17.987,1.0863,1.0991,1.012,-2500.0,-2500.0,-2500.0,0.94282,0.92382,0.91498
24.204,24.315,22.102,1.2126,1.0819,0.89514,-2500.0,-2500.0,-2500.0,0.93727,0.92717,0.91531
28.518,28.78,26.45,1.1973,1.0669,0.89339,-2500.0,-2500.0,-2500.0,0.93274,0.90831,0.90585
34.059,33.453,31.579,1.1417,1.0486,0.91871,-2500.0,-2500.0,-2500.0,0.94824,0.94997,0.94273
38.227,38.597,35.96,1.2237,1.0577,0.86868,-2500.0,-2500.0,-2500.0,0.9343,0.90767,0.91301
24.676,24.831,22.234,1.2346,1.0765,0.87711,-2500.0,-2500.0,-2500.0,0.93785,0.91885,0.91117
29.052,29.438,26.711,1.2176,1.0757,0.8862,-2500.0,-2500.0,-2500.0,0.9298,0.90757,0.90723
34.382,34.006,31.676,1.1727,1.0606,0.90602,-2500.0,-2500.0,-2500.0,0.93884,0.93564,0.9203
38.828,39.166,36.017,1.243,1.06,0.85529,-2500.0,-2500.0,-2500.0,0.93433,0.90022,0.91398
25.119,25.359,24.301,1.1175,1.0755,0.96306,-2500.0,-2500.0,-2500.0,0.9304,0.93138,0.90598
29.397,29.952,29.037,1.0964,1.0832,0.98865,-2500.0,-2500.0,-2500.0,0.9268,0.92394,0.89901
34.958,34.658,34.272,1.0748,1.0548,0.98208,-2500.0,-2500.0,-2500.0,0.93186,0.93929,0.91281
39.363,40.201,39.413,1.088,1.0819,0.99678,-2500.0,-2500.0,-2500.0,0.94675,0.93851,0.9292
17.9,19.216,17.491,1.194,1.1851,0.99491,-2500.0,-2500.0,-2500.0,0.97185,0.9678,0.96204
20.035,21.483,20.917,1.0864,1.1862,1.093,-2500.0,-2500.0,-2500.0,0.93669,0.93303,0.91987
14.07,15.35,14.385,1.144,1.1952,1.0453,-2500.0,-2500.0,-2500.0,0.96381,0.96364,0.95034
19.47,20.86,19.938,1.1087,1.1768,1.0612,-2500.0,-2500.0,-2500.0,0.9305,0.93018,0.9071
12.154,12.618,11.567,1.1773,1.0843,0.92296,-2500.0,-2500.0,-2500.0,0.98816,0.98238,0.98092
68.415,67.879,65.874,1.0959,1.0305,0.94805,-2500.0,-2500.0,-2500.0,0.98507,0.97521,0.97208
11.298,11.804,10.788,1.1879,1.0948,0.92193,-2500.0,-2500.0,-2500.0,0.98924,0.98231,0.98117
14.664,15.563,14.452,1.1509,1.1348,0.9882,-2500.0,-2500.0,-2500.0,0.97644,0.97142,0.96735
2.614,2.6266,2.6196,1.0049,1.0088,1.0039,-2500.0,-2500.0,-2500.0,0.99244,0.99786,0.9977
4.3097,4.4597,4.3713,1.0343,1.061,1.0253,-2500.0,-2500.0,-2500.0,0.94689,0.98124,0.97829
2.8924,2.9012,2.8968,1.003,1.0061,1.003,-2500.0,-2500.0,-2500.0,0.99457,0.99866,0.99862
4.9612,5.2089,5.0219,1.0554,1.08,1.0229,-2500.0,-2500.0,-2500.0,0.96496,0.98229,0.97878
4.9179,5.3946,4.9632,1.0797,1.092,1.0102,-2500.0,-2500.0,-2500.0,0.98391,0.98462,0.98106
3.7364,3.8847,3.7785,1.0367,1.0536,1.0154,-2500.0,-2500.0,-2500.0,0.97392,0.98881,0.98578
2.624,2.6341,2.629,1.0036,1.0071,1.0035,-2500.0,-2500.0,-2500.0,0.99434,0.99855,0.99859
2.8211,2.8247,2.8223,1.0014,1.0021,1.0007,-2500.0,-2500.0,-2500.0,0.99476,0.99834,0.99827
27.059,32.43,23.798,2.163,1.4561,0.78507,-2500.0,-2500.0,-2500.0,0.88264,0.80783,0.84623
23.555,25.883,21.884,1.371,1.1987,0.88334,-2500.0,-2500.0,-2500.0,0.89995,0.86374,0.854
25.224,36.433,19.123,5.0647,2.1776,0.59969,-2500.0,-2500.0,-2500.0,0.76044,0.55564,0.69669
29.008,32.462,26.457,1.4917,1.2464,0.83876,-2500.0,-2500.0,-2500.0,0.92098,0.87508,0.87742
26.871,31.718,23.124,2.1341,1.4123,0.75796,-2500.0,-2500.0,-2500.0,0.87656,0.77023,0.81613
20.915,22.858,19.504,1.3585,1.1912,0.88136,-2500.0,-2500.0,-2500.0,0.89266,0.84439,0.82613
23.418,33.134,16.938,4.3666,2.0217,0.5429,-2500.0,-2500.0,-2500.0,0.77478,0.38249,0.60634
24.714,27.407,23.043,1.41,1.2265,0.87181,-2500.0,-2500.0,-2500.0,0.87166,0.81407,0.79728
28.119,31.352,25.757,1.5384,1.2799,0.86267,-2500.0,-2500.0,-2500.0,0.86516,0.79761,0.81754
39.519,40.507,39.527,1.2635,1.109,0.92913,-2500.0,-2500.0,-2500.0,0.89718,0.84064,0.85126
50.482,56.825,40.221,2.051,1.2865,0.67667,-2500.0,-2500.0,-2500.0,0.94772,0.84137,0.8818
38.041,39.452,32.771,1.4245,1.0726,0.76137,-2500.0,-2500.0,-2500.0,0.81731,0.75801,0.77428
40.807,41.858,41.463,1.3638,1.1766,0.95872,-2500.0,-2500.0,-2500.0,0.89789,0.85209,0.86167
50.997,53.582,41.366,1.698,1.1332,0.6943,-2500.0,-2500.0,-2500.0,0.82707,0.75359,0.78361
40.057,39.214,31.375,1.8346,1.1529,0.66754,-2500.0,-2500.0,-2500.0,0.89362,0.84135,0.85434
90.518,87.948,61.141,2.1253,0.94061,0.46851,-2500.0,-2500.0,-2500.0,0.84032,0.62529,0.72724
46.778,44.51,34.004,1.6825,0.97236,0.62597,-2500.0,-2500.0,-2500.0,0.93169,0.87026,0.89627
66.065,64.486,43.709,2.1418,0.9557,0.4546,-2500.0,-2500.0,-2500.0,0.77351,0.62319,0.68128
22.555,23.513,18.34,1.6311,1.0867,0.66762,-2500.0,-2500.0,-2500.0,0.96995,0.93338,0.9312
41.226,42.074,32.223,1.7078,1.0459,0.61252,-2500.0,-2500.0,-2500.0,0.80391,0.69995,0.72663
33.836,34.983,26.026,1.7768,1.0926,0.62643,-2500.0,-2500.0,-2500.0,0.83036,0.76464,0.77258
34.698,35.267,26.853,1.6979,1.0459,0.62724,-2500.0,-2500.0,-2500.0,0.84716,0.77457,0.77459
26.047,27.774,21.649,1.6407,1.1371,0.69619,-2500.0,-2500.0,-2500.0,0.84542,0.77568,0.76349
22.156,22.984,18.811,1.4602,1.0854,0.75494,-2500.0,-2500.0,-2500.0,0.88971,0.83971,0.8163
29.999,31.332,24.466,1.6073,1.0968,0.69348,-2500.0,-2500.0,-2500.0,0.86043,0.79872,0.81667
30.708,32.095,25.482,1.4897,1.1088,0.76537,-2500.0,-2500.0,-2500.0,0.8459,0.79851,0.81031
43.334,45.932,34.744,1.7486,1.1236,0.64277,-2500.0,-2500.0,-2500.0,0.71722,0.64555,0.70271
49.88,51.687,39.522,1.7106,1.0743,0.62806,-2500.0,-2500.0,-2500.0,0.72126,0.62851,0.66922
24.742,31.7,25.489,1.7876,1.6706,1.0545,-2500.0,-2500.0,-2500.0,0.86248,0.84449,0.87345
21.085,24.447,22.08,1.2094,1.3264,1.0974,-2500.0,-2500.0,-2500.0,0.88563,0.90768,0.88536
23.093,35.942,20.547,4.0939,2.5613,0.80461,-2500.0,-2500.0,-2500.0,0.74391,0.58328,0.72678
26.607,31.349,28.077,1.2406,1.3834,1.1147,-2500.0,-2500.0,-2500.0,0.92606,0.94147,0.9231
26.142,32.701,27.183,1.622,1.5976,1.0886,-2500.0,-2500.0,-2500.0,0.8577,0.83371,0.86434
19.766,22.61,21.09,1.142,1.3016,1.1398,-2500.0,-2500.0,-2500.0,0.85997,0.89715,0.86298
22.424,34.112,20.035,3.2734,2.3639,0.81455,-2500.0,-2500.0,-2500.0,0.76972,0.49518,0.65675
22.714,26.729,25.039,1.1355,1.3798,1.2146,-2500.0,-2500.0,-2500.0,0.82805,0.87844,0.86263
30.441,34.556,31.921,1.2146,1.3148,1.105,-2500.0,-2500.0,-2500.0,0.80169,0.79609,0.82659
42.158,43.961,46.989,1.0109,1.1488,1.1708,-2500.0,-2500.0,-2500.0,0.86777,0.87319,0.86611
58.217,66.519,55.835,1.4547,1.3154,0.94319,-2500.0,-2500.0,-2500.0,0.94626,0.87283,0.92067
42.976,45.361,44.781,1.0153,1.1038,1.0851,-2500.0,-2500.0,-2500.0,0.76686,0.79409,0.82664
48.665,50.109,53.591,1.1394,1.1755,1.1453,-2500.0,-2500.0,-2500.0,0.90058,0.86083,0.89586
61.839,65.895,61.329,1.165,1.1719,1.0169,-2500.0,-2500.0,-2500.0,0.69084,0.72513,0.78109
48.775,48.552,45.089,1.4616,1.1863,0.87625,-2500.0,-2500.0,-2500.0,0.91072,0.88528,0.91135
107.76,104.45,96.161,1.1881,0.93714,0.80634,-2500.0,-2500.0,-2500.0,0.90493,0.8259,0.82157
66.721,65.002,61.873,1.1392,1.0191,0.91024,-2500.0,-2500.0,-2500.0,0.94642,0.93356,0.9235
92.718,91.468,81.078,1.2712,0.9795,0.77145,-2500.0,-2500.0,-2500.0,0.84151,0.8034,0.77012
33.043,35.147,31.68,1.2334,1.1341,0.91961,-2500.0,-2500.0,-2500.0,0.99051,0.98577,0.98083
60.254,62.532,57.528,1.1834,1.081,0.91323,-2500.0,-2500.0,-2500.0,0.73546,0.71895,0.68612
60.254,62.279,56.573,1.2047,1.0854,0.90764,-2500.0,-2500.0,-2500.0,0.81266,0.78584,0.78154
60.659,61.523,55.622,1.2151,1.0399,0.86199,-2500.0,-2500.0,-2500.0,0.84499,0.79216,0.7743
49.221,52.031,47.802,1.1824,1.1168,0.94512,-2500.0,-2500.0,-2500.0,0.89512,0.89061,0.87633
39.747,41.518,38.207,1.1672,1.1074,0.95506,-2500.0,-2500.0,-2500.0,0.82375,0.81532,0.79289
62.95,66.041,61.513,1.1738,1.1052,0.9477,-2500.0,-2500.0,-2500.0,0.74903,0.78362,0.78552
62.142,66.579,63.49,1.1165,1.1846,1.0614,-2500.0,-2500.0,-2500.0,0.64415,0.71158,0.72679
89.31,95.518,90.777,1.1081,1.1445,1.033,-2500.0,-2500.0,-2500.0,0.4378,0.5244,0.61148
98.372,104.96,100.67,1.0874,1.1385,1.0471,-2500.0,-2500.0,-2500.0,0.38797,0.49611,0.55691
78.901,81.773,80.07,1.076,1.0751,1.0116,-2500.0,-2500.0,-2500.0,0.98567,0.98941,0.98881
111.36,115.05,117.73,0.9622,1.0672,1.1111,-2500.0,-2500.0,-2500.0,0.99448,0.98591,0.99082
79.774,82.498,79.633,1.0953,1.0691,0.98477,-2500.0,-2500.0,-2500.0,0.98773,0.98589,0.98978
104.51,107.9,109.01,0.98358,1.0671,1.0858,-2500.0,-2500.0,-2500.0,0.99656,0.98481,0.98935
101.75,104.0,105.59,0.97619,1.0445,1.0718,-2500.0,-2500.0,-2500.0,0.9915,0.99218,0.9933
109.33,110.48,110.8,1.0202,1.0182,1.0082,-2500.0,-2500.0,-2500.0,0.99284,0.988,0.99124
92.427,93.878,93.507,1.0179,1.0308,1.0162,-2500.0,-2500.0,-2500.0,0.99245,0.99196,0.99367
95.117,96.195,93.205,1.0901,1.0233,0.94668,-2500.0,-2500.0,-2500.0,0.99399,0.98684,0.99114
115.76,117.69,116.1,1.0728,1.0309,0.98175,-2500.0,-2500.0,-2500.0,0.98712,0.98626,0.97187
147.52,151.16,152.75,1.0314,1.0509,1.0446,-2500.0,-2500.0,-2500.0,0.98801,0.99003,0.97383
82.704,81.352,71.784,1.3324,0.95752,0.73252,-2500.0,-2500.0,-2500.0,0.96967,0.95585,0.95226
173.49,177.81,183.28,0.97008,1.0489,1.1003,-2500.0,-2500.0,-2500.0,0.99161,0.99492,0.98495
118.28,119.02,120.94,0.97348,1.0105,1.0391,-2500.0,-2500.0,-2500.0,0.98239,0.99291,0.98719
163.34,165.8,169.93,0.95781,1.0288,1.0756,-2500.0,-2500.0,-2500.0,0.99187,0.98826,0.98947
115.61,116.36,117.56,0.98582,1.0095,1.0253,-2500.0,-2500.0,-2500.0,0.98502,0.99059,0.98991
140.09,141.41,142.33,0.9988,1.0202,1.0245,-2500.0,-2500.0,-2500.0,0.99724,0.99107,0.99248
139.1,139.72,141.41,0.99041,1.0079,1.0218,-2500.0,-2500.0,-2500.0,0.99348,0.99442,0.99291
140.63,141.38,141.28,1.0253,1.0098,0.99075,-2500.0,-2500.0,-2500.0,0.99408,0.99072,0.99154
192.21,194.11,197.88,0.96434,1.0205,1.0586,-2500.0,-2500.0,-2500.0,0.99231,0.99311,0.99457
96.094,97.491,90.917,1.179,1.0303,0.8807,-2500.0,-2500.0,-2500.0,0.99617,0.99018,0.99208
150.92,147.96,145.38,1.0785,0.95429,0.90266,-2500.0,-2500.0,-2500.0,0.98546,0.99021,0.96862
166.52,166.02,165.43,1.0304,0.99392,0.97539,-2500.0,-2500.0,-2500.0,0.98679,0.99377,0.97429
166.03,165.27,162.77,1.0785,0.98915,0.9386,-2500.0,-2500.0,-2500.0,0.98553,0.99184,0.96624
184.11,185.53,187.13,0.9975,1.0162,1.0242,-2500.0,-2500.0,-2500.0,0.98652,0.9933,0.97345
69.17,110.77,152.74,0.52527,2.5855,4.9382,-2500.0,-2500.0,-2500.0,0.59887,0.59706,0.4825
78.832,122.0,165.57,0.54254,2.4049,4.4426,-2500.0,-2500.0,-2500.0,0.51888,0.63311,0.47472
80.462,122.14,163.52,0.5578,2.3046,4.132,-2500.0,-2500.0,-2500.0,0.60457,0.51142,0.43559
88.287,130.85,172.97,0.57228,2.1979,3.8412,-2500.0,-2500.0,-2500.0,0.59609,0.56353,0.43689
96.003,131.58,168.73,0.60956,1.8863,3.1135,-2500.0,-2500.0,-2500.0,0.52556,0.6294,0.38251
99.78,135.36,171.61,0.62401,1.8508,2.9891,-2500.0,-2500.0,-2500.0,0.55786,0.66424,0.40363
99.674,125.05,152.85,0.67011,1.5748,2.3539,-2500.0,-2500.0,-2500.0,0.74559,0.94562,0.64408
104.49,128.5,154.62,0.69106,1.5123,2.1902,-2500.0,-2500.0,-2500.0,0.76847,0.94428,0.60828
128.21,148.12,165.73,0.80707,1.3257,1.6546,-2500.0,-2500.0,-2500.0,0.97257,0.98973,0.94334
120.08,134.0,145.96,0.85869,1.2335,1.4558,-2500.0,-2500.0,-2500.0,0.97022,0.98863,0.93369
129.26,147.36,162.55,0.82769,1.2923,1.5655,-2500.0,-2500.0,-2500.0,0.97862,0.99085,0.95296
117.14,132.21,144.13,0.85717,1.2605,1.4893,-2500.0,-2500.0,-2500.0,0.97803,0.99055,0.94956
98.409,132.83,168.47,0.62109,1.8247,2.9417,-2500.0,-2500.0,-2500.0,0.60009,0.68882,0.5785
103.22,139.94,176.59,0.62766,1.8401,2.9351,-2500.0,-2500.0,-2500.0,0.53674,0.62965,0.4842
109.51,144.76,179.06,0.65357,1.7473,2.6735,-2500.0,-2500.0,-2500.0,0.62955,0.59661,0.56429
112.26,148.75,183.44,0.65759,1.756,2.6704,-2500.0,-2500.0,-2500.0,0.55666,0.59812,0.49023
117.4,151.79,186.2,0.66437,1.6728,2.5196,-2500.0,-2500.0,-2500.0,0.57523,0.52655,0.45927
116.11,151.97,186.86,0.66134,1.7143,2.5938,-2500.0,-2500.0,-2500.0,0.51896,0.57484,0.44101
124.25,158.8,191.26,0.68934,1.6337,2.37,-2500.0,-2500.0,-2500.0,0.58991,0.37746,0.40436
123.07,158.92,192.09,0.68439,1.6675,2.4365,-2500.0,-2500.0,-2500.0,0.52556,0.45519,0.4908
169.29,200.36,229.31,0.76343,1.4011,1.8355,-2500.0,-2500.0,-2500.0,0.52979,0.57898,0.48848
160.78,187.89,214.38,0.76854,1.3649,1.7768,-2500.0,-2500.0,-2500.0,0.95296,0.98524,0.92924
174.25,204.72,232.28,0.77674,1.3803,1.777,-2500.0,-2500.0,-2500.0,0.33854,0.62517,0.41226
169.21,198.16,224.27,0.78069,1.3709,1.7561,-2500.0,-2500.0,-2500.0,0.938,0.9807,0.92111
59.067,113.19,171.28,0.43641,3.6971,8.4923,-2500.0,-2500.0,-2500.0,0.50429,0.51177,0.39171
67.043,122.69,182.79,0.45038,3.3595,7.4712,-2500.0,-2500.0,-2500.0,0.49169,0.3438,0.30025
66.97,121.93,180.45,0.45652,3.3177,7.2703,-2500.0,-2500.0,-2500.0,0.49967,0.44649,0.35524
73.358,129.61,188.67,0.47188,3.1228,6.6194,-2500.0,-2500.0,-2500.0,0.52707,0.31908,0.24297
77.504,131.83,189.78,0.48242,2.8949,6.0051,-2500.0,-2500.0,-2500.0,0.45839,0.40598,0.32087
79.768,135.68,193.96,0.48926,2.8942,5.9188,-2500.0,-2500.0,-2500.0,0.40677,0.33431,0.31814
82.116,137.6,194.38,0.50112,2.8083,5.6039,-2500.0,-2500.0,-2500.0,0.35759,0.45047,0.34905
84.175,141.41,198.86,0.50568,2.8223,5.5811,-2500.0,-2500.0,-2500.0,0.39594,0.29162,0.38465
89.299,144.66,201.89,0.51338,2.6259,5.1169,-2500.0,-2500.0,-2500.0,0.40043,0.37675,0.35252
90.621,147.7,205.54,0.5163,2.6571,5.148,-2500.0,-2500.0,-2500.0,0.40155,0.30221,0.27242
93.754,149.26,205.71,0.52649,2.5349,4.8145,-2500.0,-2500.0,-2500.0,0.35621,0.40348,0.35436
94.424,152.33,209.36,0.5294,2.6026,4.9161,-2500.0,-2500.0,-2500.0,0.42085,0.26546,0.28328
139.61,170.47,210.25,0.66501,1.4996,2.297,-2500.0,-2500.0,-2500.0,0.7188,0.95401,0.53357
140.33,193.01,246.14,0.61498,1.8919,3.0775,-2500.0,-2500.0,-2500.0,0.51671,0.60504,0.59264
129.89,140.17,159.74,0.79079,1.1717,1.5446,-2500.0,-2500.0,-2500.0,0.87986,0.96084,0.73215
139.17,188.4,237.78,0.6279,1.832,2.9191,-2500.0,-2500.0,-2500.0,0.75058,0.74709,0.65337
