f1,f2,f3,f4,f5,f6,f7,f8,f9,f10,f11,f12
30.972,30.431,28.657,1.2457,0.98343,0.7986,31.902,31.363,29.6,0.84411,0.85651,0.84448
14.157,13.922,12.812,1.2274,0.9796,0.80025,15.157,14.922,13.814,0.841,0.82186,0.80391
21.601,21.166,18.06,1.3713,0.96235,0.70202,22.601,22.166,19.06,0.85982,0.89482,0.86676
8.1755,7.8441,7.2203,1.1758,0.91139,0.77464,9.1813,8.8571,8.2382,0.81415,0.79416,0.77459
109.93,109.36,110.97,0.97031,0.98573,1.0212,110.93,110.38,111.97,0.93984,0.94765,0.9462
109.62,110.54,115.5,0.91523,1.0147,1.1105,110.78,112.07,116.5,0.97885,0.98312,0.9811
134.98,134.39,137.23,0.9587,0.99189,1.0356,135.94,135.42,138.23,0.96826,0.97635,0.97416
112.62,112.59,117.22,0.92123,0.99112,1.0755,113.63,113.62,118.22,0.9627,0.97644,0.96944
34.614,33.927,32.299,1.2555,0.97552,0.78862,35.546,34.887,33.26,0.84501,0.84906,0.83647
15.661,15.597,14.184,1.3258,1.0279,0.7821,16.654,16.589,15.178,0.8291,0.82069,0.80393
20.846,20,17.049,1.3878,0.9362,0.67483,21.846,21,18.05,0.86519,0.87563,0.85124
8.18,8.0907,6.9769,1.3299,0.9666,0.72721,9.181,9.0958,7.9976,0.82015,0.7773,0.77992
34.866,34.088,32.526,1.2296,0.96458,0.79283,35.794,35.041,33.483,0.84048,0.8464,0.82323
15.744,15.748,14.242,1.3352,1.038,0.78254,16.738,16.741,15.232,0.84406,0.81895,0.80311
21.063,19.731,17.646,1.258,0.89129,0.70853,22.063,20.731,18.647,0.87017,0.88248,0.84909
8.3381,8.2149,7.1248,1.3097,0.9515,0.72655,9.3381,9.22,8.126,0.81532,0.79374,0.74612
60.801,58.681,58.72,1.0371,0.92756,0.89875,61.777,59.659,59.686,0.89617,0.89519,0.87504
66.026,64.016,65.219,1.0115,0.90466,0.89842,66.578,64.581,65.643,0.89745,0.89777,0.87798
12.879,12.899,11.955,1.1679,1.0061,0.86489,13.88,13.899,12.956,0.69675,0.65952,0.59234
12.104,11.601,11.316,1.0521,0.92607,0.87935,13.105,12.602,12.317,0.66528,0.70254,0.63347
114.8,113.45,114.1,0.97954,0.97531,1.0022,115.66,114.45,115.03,0.97309,0.97291,0.97157
127.27,126.73,128.2,0.96704,0.99368,1.0324,128.15,127.6,129.16,0.98674,0.98363,0.9872
136.08,137.9,142.99,0.93058,1.0267,1.1044,137.1,138.9,143.99,0.96129,0.95673,0.95582
136.76,138,142.84,0.93272,1.0177,1.0916,137.77,139.03,143.86,0.96593,0.97029,0.96853
59.294,57.016,56.972,1.0432,0.91852,0.88433,60.266,58.003,57.956,0.87762,0.90094,0.87123
63.694,61.475,62.555,1.0203,0.89795,0.88575,64.143,62.012,62.942,0.90181,0.89035,0.87559
13.003,12.494,11.718,1.1395,0.92392,0.81302,14.006,13.494,12.72,0.61329,0.7398,0.60164
12.217,11.524,10.959,1.1051,0.90327,0.81823,13.217,12.525,11.963,0.69769,0.70098,0.62749
59.29,57.186,57.109,1.0378,0.91372,0.88484,60.258,58.17,58.1,0.89843,0.89384,0.86596
64.195,62.258,63.196,1.0378,0.90854,0.88417,64.711,62.831,63.549,0.89128,0.89451,0.88701
12.862,12.339,11.395,1.1745,0.92218,0.78798,13.864,13.341,12.397,0.67545,0.71751,0.63939
12.226,11.297,10.787,1.0919,0.86308,0.79477,13.231,12.3,11.792,0.66317,0.69714,0.67767
149.56,149.16,145.53,1.0434,0.99666,0.9563,150.55,150.16,146.53,0.94958,0.95188,0.94874
81.596,80.335,78.756,0.9948,0.96537,0.98243,82.581,81.324,79.76,0.97179,0.97634,0.96718
224.52,223.14,216.67,1.0606,0.98767,0.93126,225.52,224.14,217.67,0.68702,0.72016,0.68415
67.849,67.413,66.069,0.93988,1.0412,1.14,68.853,68.413,67.07,0.92328,0.94568,0.90599
149.57,149.56,145.71,1.0482,1.003,0.95782,150.57,150.56,146.7,0.94943,0.94984,0.94633
82.095,81.272,79.492,1.012,0.99462,0.99269,83.088,82.264,80.49,0.97355,0.97775,0.9674
224.92,223.77,217.34,1.0601,0.98976,0.93368,225.92,224.77,218.34,0.6376,0.7023,0.64222
69,68.82,67.409,0.94968,1.0684,1.1563,70.001,69.82,68.409,0.93563,0.94503,0.92264
174.11,173.79,181.04,0.91464,0.99564,1.0894,175.06,174.71,181.5,0.96061,0.91283,0.93307
97.464,97.034,101.53,0.92194,1.0269,1.1207,98.451,97.957,102.29,0.95774,0.95475,0.95149
245.22,244.84,252.24,0.94213,0.99684,1.0582,246.22,245.84,252.81,0.81522,0.56885,0.66359
72.21,72.204,73.638,1.0519,1.1689,1.1057,73.242,73.214,74.689,0.81746,0.81919,0.78191
114.11,120.05,115.82,1.0745,1.107,1.0303,115.11,121.05,116.82,0.38073,0.51092,0.45033
112.46,118.34,114.07,1.0762,1.1073,1.029,113.46,119.34,115.07,0.37337,0.4915,0.41193
110.54,115.99,112.17,1.0694,1.1013,1.0299,111.54,116.99,113.17,0.37118,0.52092,0.48849
108.48,114.45,109.86,1.0853,1.1132,1.0258,109.48,115.45,110.86,0.35266,0.49546,0.34381
114.42,120.21,116.4,1.0666,1.1038,1.035,115.42,121.21,117.4,0.37563,0.51517,0.38746
112.88,118.61,114.64,1.0705,1.1041,1.0314,113.88,119.61,115.64,0.37617,0.50565,0.41704
110.59,116.46,112.75,1.0671,1.1093,1.0397,111.59,117.46,113.75,0.38281,0.46922,0.39605
109.21,114.75,110.4,1.0804,1.1042,1.0221,110.21,115.75,111.4,0.37223,0.448,0.38924
155.3,154.73,152.08,1.0351,0.9927,0.959,156.3,155.73,153.08,0.49402,0.66121,0.57546
155.83,155.32,152.7,1.0346,0.99344,0.96021,156.83,156.32,153.7,0.51753,0.67279,0.55169
153.22,152.82,150.54,1.0305,0.99484,0.96539,154.22,153.82,151.54,0.56101,0.69808,0.55453
153.99,153.03,151,1.0271,0.98764,0.96156,154.99,154.03,152,0.5304,0.707,0.58208
156.39,155.21,152.95,1.0297,0.98485,0.9565,157.39,156.21,153.95,0.47688,0.6155,0.50541
157.1,156.01,153.6,1.0316,0.98619,0.95596,158.1,157.01,154.6,0.46942,0.60362,0.54966
154.65,153.48,151.18,1.0306,0.98493,0.95566,155.65,154.48,152.18,0.54317,0.62583,0.55046
155.33,153.9,151.5,1.0319,0.98169,0.95131,156.33,154.9,152.5,0.5081,0.58573,0.55145
123.82,65.169,28.977,5.1037,0.28101,0.055418,124.82,66.169,29.977,0.41582,0.63227,0.47535
121.59,61.049,28.649,4.6992,0.25914,0.057547,122.59,62.049,29.657,0.54445,0.7355,0.55037
120.53,62.985,28.555,4.8708,0.27561,0.056554,121.53,63.985,29.555,0.42048,0.56659,0.37774
112.33,61.125,27.994,4.8453,0.30072,0.063369,113.33,62.125,28.997,0.45117,0.72792,0.49276
179.36,182.03,174.02,1.1146,1.0275,0.9364,180.36,183.03,175.02,0.87805,0.90837,0.86738
133.37,86.67,60.56,2.5134,0.41165,0.21216,134.37,87.67,61.561,0.60537,0.56112,0.56106
176.29,179.99,174.06,1.0874,1.0397,0.96897,177.29,180.99,175.06,0.87378,0.918,0.86293
135.66,92.188,67.185,2.2104,0.45224,0.25042,136.66,93.188,68.185,0.89229,0.9203,0.86322
90.364,114.78,17.208,48.018,1.7467,0.037547,91.364,115.78,18.311,0.67998,0.35916,0.35112
116.98,118.08,90.234,3.3579,1.0326,0.62605,117.98,119.08,91.247,0.83274,0.53036,0.62282
84.234,108.31,15.773,50.495,1.8113,0.036607,85.234,109.31,16.908,0.69835,0.38813,0.33439
110.19,115.8,84.854,4.6576,1.1104,0.63029,111.19,116.8,85.885,0.78982,0.50631,0.57318
121.56,118.99,93.395,1.9197,0.96348,0.59388,122.56,119.99,94.44,0.94766,0.9105,0.90883
49.142,43.15,27.933,2.8222,0.77431,0.33616,50.142,44.155,28.94,0.92652,0.78441,0.79894
185.24,180.01,153.68,4.6909,0.94459,0.71141,186.24,181.01,157.37,0.95512,0.8591,0.89015
177.72,176.39,148.65,25.221,0.98419,0.73102,178.72,177.39,152.48,0.96412,0.87575,0.90755
58.873,62.416,42.357,4.2779,1.1474,0.55592,59.885,63.418,43.398,0.86943,0.70218,0.74955
69.541,73.459,42.403,10.205,1.1834,0.42111,70.541,74.459,43.447,0.87326,0.63116,0.73515
25.959,26.914,22.835,1.4954,1.1051,0.77084,27.007,27.922,23.934,0.90805,0.88151,0.86971
59.502,61.558,37.092,7.4851,1.1281,0.43536,60.502,62.558,38.121,0.90707,0.73163,0.7786
101.32,95.132,45.435,15.02,0.89736,0.21888,102.32,96.132,47.744,0.8682,0.47279,0.56984
87.872,113.61,18.048,42.768,1.8239,0.043118,88.872,114.61,19.16,0.68391,0.36728,0.33682
114.44,116.13,91.991,2.3153,1.0451,0.66567,115.44,117.13,93.003,0.8456,0.55713,0.64773
81.794,107.28,17.103,42.872,1.8721,0.044311,82.794,108.28,18.259,0.66342,0.38112,0.38643
104.7,110.76,83.843,2.9187,1.123,0.67052,105.7,111.76,84.843,0.82077,0.48674,0.5754
109.76,127.64,105.94,1.4792,1.3565,0.93245,110.76,128.64,106.94,0.70961,0.72448,0.6904
97.598,61.326,45.957,2.9117,0.38906,0.24736,98.598,62.326,47.001,0.56377,0.54012,0.5348
104.38,121.7,99.173,1.5356,1.3628,0.90349,105.38,122.7,100.17,0.64963,0.67923,0.66854
111.49,85.505,71.198,1.5687,0.5839,0.41576,112.49,86.505,72.216,0.88659,0.9604,0.86427
116.53,45.135,25.275,3.8759,0.15193,0.049405,117.53,46.135,26.314,0.42279,0.44304,0.44223
121.81,52.534,41.309,1.8188,0.19745,0.12674,122.81,53.534,42.311,0.47291,0.46282,0.4847
119.35,43.515,25.016,3.547,0.13348,0.045745,120.35,44.515,26.035,0.35128,0.3964,0.38082
124.71,50.644,39.505,1.7425,0.17369,0.10757,125.71,51.644,40.506,0.52061,0.50344,0.51504
33.857,33.635,34.493,0.99671,0.9872,0.99623,34.814,34.582,35.391,0.86261,0.84875,0.83373
15.536,15.511,15.515,1.0518,1.0165,0.9694,16.535,16.489,16.459,0.85088,0.82154,0.81036
19.556,19.315,18.656,1.0685,0.97355,0.91231,20.556,20.316,19.656,0.89813,0.86846,0.84842
7.9508,7.9145,7.7087,1.0512,0.98299,0.93513,8.9523,8.9193,8.7134,0.85865,0.81891,0.78654
48.876,57.032,58.632,0.93469,1.375,1.484,49.94,58.027,59.658,0.71149,0.75975,0.72477
40.941,47.475,48.638,0.94458,1.3534,1.4437,41.988,48.461,49.697,0.74649,0.78868,0.73288
73.511,84.69,92.88,0.83177,1.3368,1.6073,74.527,85.631,93.846,0.96753,0.96787,0.95873
41.154,49.463,54.052,0.83793,1.4448,1.7249,42.158,50.431,55.034,0.9511,0.96443,0.93698
122.92,123.99,125.25,0.97637,1.0503,1.0817,123.91,124.99,126.25,0.78276,0.82588,0.79327
110.8,111.73,112.57,0.99723,1.0492,1.0615,111.78,112.71,113.56,0.81091,0.83,0.80321
68.668,67.234,65.71,1.0466,0.95768,0.91547,69.606,68.23,66.683,0.95126,0.96437,0.94336
48.64,48.76,46.775,1.0878,1.0108,0.92946,49.527,49.755,47.734,0.95602,0.96623,0.9377
66.306,112.03,53.352,4.4136,2.857,0.64841,67.306,113.03,54.352,0.42919,0.52816,0.46831
83.321,125.24,70.314,3.4582,2.3752,0.70236,84.321,126.24,71.314,0.70805,0.76349,0.70712
63.853,109.7,52.758,4.3284,2.9528,0.68272,64.853,110.7,53.758,0.40948,0.56192,0.47115
81.701,124.34,70.622,3.3911,2.4551,0.73839,82.701,125.34,71.622,0.72663,0.74662,0.69803
148.5,187.68,73.625,6.7882,1.6133,0.25106,149.56,185.89,78.603,0.93501,0.68858,0.7307
136.26,174.74,75.187,5.9677,1.6908,0.30325,137.26,175.73,76.226,0.91366,0.76733,0.80238
151.29,190.99,73.453,7.2286,1.5978,0.23565,152.88,185.26,87.52,0.9454,0.84368,0.85021
170.86,208.69,99.696,4.391,1.492,0.34044,171.86,209.67,100.94,0.80887,0.5973,0.6409
96.313,132.95,62.692,5.5312,1.9666,0.45054,97.313,133.95,63.692,0.8144,0.62205,0.70186
71.066,105.05,46.912,7.5008,2.3206,0.46901,72.066,106.05,47.912,0.8244,0.7523,0.76569
124.82,166.57,68.856,5.8646,1.7817,0.30429,125.82,167.57,69.856,0.84487,0.66824,0.6907
107.35,149.33,54.3,7.7234,1.9403,0.25492,108.35,150.33,55.3,0.90351,0.79633,0.79071
76.906,107.5,68.993,2.4712,1.9603,0.80425,77.906,108.5,69.993,0.62611,0.69459,0.65191
56.124,86.191,52.859,2.9851,3.2476,1.035,57.124,87.191,53.859,0.62511,0.66832,0.65553
73.478,103.64,69.92,2.199,1.9909,0.90808,74.478,104.64,70.92,0.5295,0.60335,0.58448
55.051,81.751,54.873,2.7047,3.4195,1.168,56.053,82.751,55.873,0.51299,0.60198,0.64357
52.949,85.165,43.687,4.2021,3.3289,0.77083,53.95,86.165,44.687,0.65719,0.68086,0.64638
32.13,69.234,29.97,5.2484,5.1323,1.0197,33.131,70.234,30.97,0.39702,0.45879,0.4254
52.247,83.007,45.627,3.5417,3.1765,0.86754,53.247,84.007,46.627,0.62366,0.6725,0.59858
28.425,63.74,29.09,4.7348,5.3016,1.1473,29.425,64.74,30.09,0.34968,0.42247,0.41542
81.697,100.73,93.914,1.1674,1.5746,1.3454,82.7,101.73,94.914,0.94531,0.95495,0.94484
133.63,155.41,121.59,1.7233,1.3588,0.86879,134.63,156.41,122.59,0.89727,-0.040366,-0.067869
68.334,86.358,80.322,1.1805,1.6699,1.4107,69.335,87.358,81.322,0.9239,0.93811,0.92078
129.04,149.95,132.88,1.2789,1.3511,1.0685,130.04,150.95,133.88,0.77205,0.28786,0.25438
119.72,140.2,95.758,2.9909,1.4044,0.88051,120.72,141.19,96.768,0.97725,0.33117,0.32521
140.56,164.32,101.41,3.8764,1.386,0.63338,141.68,165.28,102.41,0.96543,-0.13188,-0.15239
117.84,139.36,116.35,1.47,1.4184,1.0646,118.84,140.36,117.35,0.94119,0.33572,0.30082
136.86,159.51,129.25,1.5395,1.3616,0.9079,137.86,160.51,130.25,0.89597,-0.12726,-0.12652
49.006,101.92,36.931,7.9638,5.5753,0.75409,50.007,102.92,37.931,0.83593,0.48719,0.45424
175.75,203.67,109.33,5.5052,1.3687,0.5676,176.75,201.87,110.33,0.94502,0.093984,0.074796
68.597,114.97,48.238,6.8164,3.46,0.57325,69.597,115.97,49.238,0.83562,0.40633,0.31874
126.89,172.43,98.707,6.1166,1.9745,0.67742,127.89,173.42,99.707,0.66645,0.51153,0.46335
85.386,133.19,43.705,9.7414,4.5795,0.57433,86.394,134.19,44.705,0.86673,0.37978,0.36287
116.87,165.12,100.48,5.2728,2.1328,0.75235,117.87,166.12,101.48,0.60614,0.57763,0.50159
85.217,132.69,41.461,10.743,5.1702,0.57533,86.226,133.69,42.461,0.86543,0.38717,0.39155
166.59,181.38,71.366,9.8253,1.1858,0.19279,167.59,182.38,72.374,0.84607,0.67556,0.67503
152.28,169.63,18.912,131.38,1.241,0.018046,153.28,170.63,20.011,0.82864,0.5466,0.6196
159.64,174.39,47.405,32.702,1.1935,0.10071,160.64,175.39,48.45,0.87414,0.75833,0.75184
149.81,166.84,17.571,129.25,1.2405,0.015355,150.81,167.84,18.668,0.8526,0.58919,0.63699
155.65,194.2,62.118,9.9776,2.0991,0.29996,156.65,195.2,63.118,0.84963,0.28489,0.33682
105.55,159.55,57.664,7.7582,3.648,0.56223,106.55,160.55,58.664,0.79166,0.27084,0.26882
137.43,181.19,66.588,7.5113,2.5725,0.43904,138.43,182.19,67.588,0.84726,0.31562,0.38677
114.12,166.26,67.311,6.1666,3.0705,0.5205,115.12,167.26,68.311,0.8582,0.35627,0.41182
125.29,177.93,128.68,2.0869,2.2132,1.4022,126.31,178.88,129.94,0.78983,0.63488,0.51723
140.52,183.92,98.769,3.6472,1.7594,0.52815,141.65,182.34,102.72,0.9178,0.76229,0.75222
160.85,206.37,131.06,2.6023,1.6463,0.66651,161.86,207.24,133.22,0.62142,0.54392,0.47946
152.01,192.32,93.866,4.8259,1.6013,0.38989,154.07,186.82,106.01,0.89388,0.84911,0.79571
79.181,120.2,87.193,1.9252,2.5222,1.4042,80.181,121.2,88.193,0.82238,0.72079,0.68886
77.188,121.56,96.538,1.6563,2.5617,1.7312,78.188,122.56,97.538,0.76687,0.72073,0.69093
122.1,169.54,121.84,1.9367,1.9285,0.99585,123.1,170.54,122.84,0.81219,0.82988,0.78971
108.2,155.61,111.57,1.9462,2.0742,1.0669,109.2,156.61,112.57,0.82141,0.80799,0.773
84.909,124.34,126.19,0.97622,2.1528,2.2155,85.909,125.34,127.19,0.44091,0.698,0.50457
98.704,143.95,144.29,0.99355,2.3415,2.3887,99.706,144.95,145.29,0.74944,0.89752,0.70561
77.143,116.43,106.41,1.2626,2.2876,1.8995,78.143,117.43,107.41,0.6282,0.30764,0.44875
93.041,136.52,140.79,0.93457,2.4805,2.7019,94.054,137.52,141.79,0.87251,0.91941,0.84791
108.22,158.41,155.17,1.0398,2.4497,2.3919,109.22,159.41,156.17,0.66562,0.8673,0.70772
77.608,130.14,126.44,1.0621,2.914,2.7719,78.608,131.14,127.44,0.44939,0.8208,0.47657
107.56,159.04,157.87,1.0136,2.5982,2.58,108.56,160.04,158.87,0.72672,0.88786,0.75801
78.929,133.03,132.75,1.0052,2.9637,2.979,79.929,134.03,133.75,0.3851,0.81553,0.42372
120.84,173.48,128.91,1.9477,2.2972,1.5119,121.84,174.48,129.98,0.79369,0.65265,0.5331
141.84,183.94,95.607,3.8916,1.7268,0.48712,142.92,182.42,99.511,0.92834,0.73259,0.71611
163.49,207.93,133.25,2.4599,1.6177,0.66538,164.49,208.93,134.6,0.65314,0.49527,0.41011
153.79,192.29,88.823,5.2887,1.5634,0.34328,155.65,186.33,101.93,0.91355,0.85152,0.80626
77.243,69.938,67.503,1.1763,0.79562,0.71645,78.302,71.084,68.581,0.9663,0.96051,0.9498
105.99,101.08,103.82,0.96217,0.89482,0.94711,107,102.11,104.82,0.96132,0.96641,0.92804
39.87,41.064,25.283,2.785,1.0421,0.40818,40.961,42.067,26.344,0.97447,0.84973,0.87023
113.59,114.57,111.31,1.2736,1.0004,0.86867,114.6,115.57,112.33,0.97749,0.96732,0.97552
85.664,79.456,83.201,0.91469,0.85938,0.95195,86.674,80.532,84.272,0.96071,0.96568,0.93047
94.804,90.607,96.752,0.87608,0.91082,1.0475,95.804,91.607,97.753,0.9448,0.95873,0.90236
101.85,88.819,82.761,1.1502,0.76476,0.67284,102.85,89.819,83.761,0.96684,0.9709,0.93543
86.45,76.824,76.505,1.0211,0.79529,0.80295,87.45,77.824,77.505,0.93376,0.90493,0.79229
85.249,79.054,82.724,0.91639,0.85951,0.95104,86.253,80.134,83.792,0.9605,0.96562,0.93152
94.391,90.155,96.035,0.88056,0.90913,1.0404,95.391,91.155,97.036,0.94498,0.95507,0.89666
102.02,88.776,82.714,1.1511,0.76163,0.6717,103.02,89.776,83.714,0.9646,0.97381,0.93839
86.258,76.429,75.977,1.0261,0.79135,0.79629,87.258,77.429,76.977,0.92788,0.90395,0.78224
160,155.92,161.23,0.93805,0.94106,1.0048,161,156.92,162.22,0.99479,0.98703,0.98742
115.05,104.91,106.96,0.9675,0.82449,0.85536,116.05,105.91,107.96,0.99095,0.98693,0.978
144.94,139.14,144,0.93622,0.91611,0.97967,145.94,140.14,145,0.99347,0.98452,0.98572
131.68,123.49,126.91,0.94963,0.87287,0.92055,132.68,124.49,127.91,0.99212,0.98586,0.97848
138.25,131.39,132.34,0.99662,0.89504,0.90389,139.24,132.39,133.36,0.98096,0.98129,0.96897
103.11,91.015,86.386,1.1278,0.7713,0.69247,104.11,92.018,87.408,0.966,0.97813,0.94222
153.57,150.18,153.1,0.96526,0.95483,0.99066,154.57,151.18,154.1,0.98628,0.98797,0.97841
125.63,119.21,117.94,1.0351,0.88954,0.86627,126.63,120.21,118.95,0.97383,0.98492,0.95621
139.4,132.24,133.2,0.99594,0.89162,0.90072,140.4,133.24,134.2,0.98025,0.98087,0.96828
104.13,91.948,87.267,1.1279,0.77198,0.693,105.12,92.949,88.285,0.96658,0.97851,0.94264
154.72,151.34,154.1,0.96737,0.95556,0.98907,155.72,152.35,155.1,0.98596,0.98754,0.97815
126.96,120.21,119.1,1.0317,0.88565,0.86527,127.96,121.21,120.14,0.97373,0.98412,0.9549
128.09,117.46,114.8,1.1063,0.82575,0.77156,129.09,118.46,115.8,0.95609,0.98046,0.933
127.31,117.12,114.91,1.0866,0.82771,0.7831,128.31,118.12,115.89,0.96393,0.98575,0.94611
116.98,108.42,106.05,1.1532,0.82479,0.75854,117.98,109.42,107.05,0.96248,0.98557,0.94246
148.78,140.26,141,1.0037,0.87829,0.88343,149.78,141.26,142,0.95629,0.98833,0.93507
128.03,118.66,116.84,1.0907,0.8432,0.79926,129.03,119.66,117.83,0.95506,0.97916,0.92557
123.48,113.43,111.09,1.0897,0.8271,0.78011,124.47,114.43,112.09,0.95903,0.98505,0.93648
114.24,106.58,104.34,1.1445,0.83572,0.77171,115.24,107.58,105.34,0.96765,0.98693,0.94778
139.47,130.51,130.11,1.0189,0.86814,0.8608,140.47,131.51,131.11,0.951,0.98741,0.92406
157.85,139.12,134.22,1.1315,0.76505,0.71403,158.85,140.12,135.25,0.97367,0.97605,0.95374
146.49,128.65,123.12,1.1107,0.76665,0.70423,147.49,129.65,124.12,0.96085,0.97991,0.91725
162.31,142.49,135.81,1.1632,0.76055,0.69282,163.31,143.49,136.84,0.96751,0.97194,0.93828
152.01,133.2,126.93,1.112,0.76881,0.70159,153.01,134.2,127.93,0.96475,0.97505,0.91214
161.21,146.44,142.59,1.0719,0.81737,0.77448,162.21,147.44,143.61,0.9726,0.97675,0.95013
144.71,127.98,122.79,1.1205,0.77492,0.71612,145.71,128.98,123.79,0.95505,0.98016,0.90853
176.33,164.4,160.39,1.0671,0.86459,0.82381,177.33,165.4,161.39,0.97233,0.97087,0.9411
148.36,127.54,120.65,1.1796,0.7312,0.65854,149.36,128.54,121.68,0.96639,0.98123,0.92774
158.93,152.82,152.25,1.0146,0.92097,0.91492,159.93,153.82,153.25,0.96665,0.96878,0.92985
146.88,137.56,134.92,1.0842,0.87379,0.84618,147.88,138.56,135.92,0.91484,0.95473,0.82051
137.65,120.57,116.87,1.1216,0.75733,0.71897,138.65,121.57,117.87,0.93437,0.97159,0.86947
151.89,146.84,147.65,0.99539,0.93603,0.94985,152.89,147.84,148.65,0.88582,0.94625,0.78317
158.55,147.78,143.49,1.2027,0.85398,0.81257,159.55,148.78,144.49,0.93376,0.95084,0.86092
167.48,167.79,168.14,0.99695,1.0037,1.0077,168.48,168.79,169.14,0.88096,0.90598,0.84007
145.02,122.96,116.45,1.6974,0.68184,0.63356,146.02,123.96,117.45,0.9197,0.94049,0.8211
171.83,172.78,175.06,0.97439,1.0113,1.0385,172.83,173.78,176.06,0.87035,0.91691,0.82906
157,156.26,155.59,1.01,0.99023,0.98161,158,157.26,156.59,0.82021,0.81388,0.75905
154.55,155.49,155.38,1.0016,1.0122,1.0106,155.55,156.49,156.38,0.68111,0.65932,0.62469
159.39,158.91,158.99,0.99976,0.99407,0.99529,160.39,159.91,159.99,0.80056,0.79705,0.7202
155.68,156.55,157.24,0.99135,1.0113,1.0201,156.68,157.55,158.24,0.60856,0.54912,0.56181
103.66,91.321,95.741,0.91413,0.78649,0.87267,104.66,92.321,96.741,0.86071,0.87682,0.75007
111.08,91.827,93.371,0.96556,0.69333,0.7251,112.08,92.827,94.371,0.84342,0.86611,0.70666
105.32,85.494,88.161,0.93968,0.6694,0.71341,106.32,86.494,89.161,0.81786,0.83209,0.72298
107.21,89.34,92.495,0.93228,0.72234,0.78986,108.21,90.34,93.495,0.77157,0.85491,0.71331
151.69,133.36,127.37,1.0756,0.78524,0.7543,151.72,134.36,128.37,0.9494,0.91995,0.86863
119.68,111.93,117.52,0.90713,0.87695,0.97008,120.68,112.93,118.52,0.90417,0.89745,0.81782
111.24,102.41,108.07,0.89751,0.85045,0.95027,112.24,103.41,109.07,0.9106,0.87761,0.809
112.49,106.77,112.92,0.89369,0.90561,1.0196,113.49,107.77,113.92,0.91796,0.88782,0.83258
102.96,99.193,101.32,0.95304,0.94713,1.0183,103.96,100.19,102.32,0.89364,0.84281,0.82042
102.67,95.892,101.25,0.89335,0.88893,1.0152,103.67,96.892,102.25,0.88055,0.82947,0.77308
78.56,80.082,89.605,0.79872,1.0399,1.3023,79.56,81.082,90.605,0.77479,0.72676,0.72902
92.964,87.546,94.842,0.84792,0.91503,1.1182,93.964,88.546,95.842,0.82361,0.73201,0.71403
103.64,101.99,111.74,0.83337,0.96881,1.1662,104.63,102.99,112.74,0.9657,0.96067,0.94465
93.285,91.811,99.984,0.83938,0.9756,1.171,94.285,92.811,100.98,0.91995,0.91691,0.88247
95.327,90.937,98.259,0.86071,0.90844,1.0626,96.327,91.937,99.259,0.91721,0.93047,0.85127
102.86,98.792,104.87,0.88943,0.92194,1.0401,103.86,99.792,105.87,0.95331,0.95141,0.9062
93.841,89.657,96.182,0.86852,0.92147,1.0853,94.817,90.657,97.183,0.95207,0.96107,0.91085
99.227,95.383,101.83,0.87543,0.92342,1.0575,100.23,96.383,102.83,0.95453,0.9584,0.92651
95.897,87.855,90.591,0.94703,0.83912,0.89314,96.897,88.863,91.591,0.96285,0.96754,0.93311
123.25,117.57,121.01,0.94506,0.90961,0.96352,124.24,118.57,122.01,0.96723,0.97679,0.96339
88.599,86.709,94.116,0.83895,0.97256,1.19,89.436,87.706,95.125,0.95702,0.964,0.92069
94.038,90.529,97.393,0.86539,0.92673,1.0759,95.038,91.529,98.396,0.95372,0.95991,0.92365
109.98,96.598,93.139,1.0576,0.79079,0.78352,110.19,97.598,94.228,0.94691,0.96282,0.89539
106.73,103.4,108.3,0.91033,0.93831,1.0316,107.74,104.4,109.3,0.95981,0.97755,0.95859
105.48,95.193,91.334,1.0661,0.72583,0.70711,105.83,96.193,92.444,0.85743,0.88226,0.75075
51.236,36.789,37.28,1.0389,0.44914,0.45952,52.238,37.789,38.28,0.73648,0.77557,0.64444
74.105,61.066,58.281,1.0659,0.56928,0.54807,74.385,62.066,59.414,0.80258,0.83869,0.70088
36.437,19.025,18.406,1.0695,0.27438,0.25773,37.437,20.025,19.406,0.47916,0.59441,0.35362
118.82,103.47,91.378,1.2865,0.75583,0.58843,119.78,104.47,92.378,0.76133,0.70767,0.7049
180.3,164.73,151.67,1.1927,0.80961,0.68647,177.93,165.7,152.7,0.8699,0.90727,0.84447
130.05,115.19,103.04,1.2633,0.77865,0.61884,130.8,116.19,104.04,0.85409,0.80313,0.79441
220.65,194.46,173.74,1.2717,0.77426,0.62005,212.37,195.41,174.76,0.85979,0.92995,0.83181
147.57,129.09,112.47,1.3601,0.73951,0.55681,147.85,130.09,113.47,0.9576,0.93797,0.92263
156.54,141.32,130.33,1.2585,0.81466,0.73125,152.88,142.32,131.35,0.94868,0.93848,0.89032
117.02,97.727,81.741,1.4269,0.68702,0.48268,118.02,98.727,82.741,0.8545,0.79874,0.80108
162.29,161.09,165.16,1.0065,1.0333,1.2079,157.24,162.09,166.16,0.96327,0.94914,0.88134
158.13,164.05,178.24,0.89617,1.1229,1.4274,158.97,165.05,179.24,0.73213,0.83777,0.64124
143.32,139.79,142.03,1.0944,0.98184,1.1146,141.43,140.78,143.03,0.81111,0.84014,0.73014
135.64,158.47,193.71,0.66916,1.3669,2.0454,136.64,159.47,194.71,0.62522,0.64314,0.55315
130.6,153.86,189.86,0.65669,1.3883,2.1149,131.6,154.86,190.86,0.50429,0.57652,0.49712
161.43,181.67,212.99,0.72724,1.2689,1.7479,162.43,182.67,213.99,0.78662,0.78217,0.71958
143.26,161.36,189.99,0.75333,1.2856,1.8244,143.8,162.36,190.99,0.53484,0.71606,0.44562
160.89,181.51,213.28,0.72407,1.2735,1.7599,161.89,182.51,214.28,0.76161,0.79082,0.7046
140.45,165.57,202.25,0.67016,1.3902,2.075,141.45,166.57,203.25,0.49499,0.62216,0.41781
134.45,118.46,81.727,2.1111,0.77651,0.37011,135.45,119.46,82.76,0.94546,0.91687,0.93534
133.63,119.01,79.939,2.2182,0.79321,0.35794,134.62,120.01,81.002,0.94617,0.91256,0.93598
125.84,100.98,77.586,1.6941,0.64376,0.38025,126.84,101.98,78.606,0.94172,0.95917,0.93963
128.51,108.91,77.337,1.9873,0.71864,0.36222,129.51,109.94,78.565,0.94945,0.9406,0.93803
133.64,122.28,79.345,2.3789,0.83661,0.35234,134.64,123.28,80.388,0.94214,0.90272,0.93332
133.14,120.65,78.956,2.3348,0.82008,0.35156,134.13,121.65,79.989,0.94224,0.91224,0.93499
138.39,125.72,80.449,2.4447,0.82537,0.33791,139.37,126.72,81.506,0.92524,0.92193,0.93754
138.28,125.73,79.568,2.4996,0.82721,0.33111,139.28,126.73,80.622,0.93693,0.93483,0.94642
138.33,127.74,82.032,2.4362,0.85288,0.35133,139.33,128.74,83.038,0.94485,0.90991,0.93884
137.74,127.05,81.52,2.4396,0.85094,0.34989,138.73,128.05,82.524,0.9493,0.9153,0.93642
129.83,120.64,73.966,2.6606,0.86344,0.32454,130.83,121.64,74.992,0.93512,0.89977,0.93579
130.74,121.48,74.66,2.6482,0.86339,0.32609,131.74,122.48,75.685,0.94384,0.91144,0.93316
96.931,85.175,72.056,1.379,0.75829,0.59125,97.558,86.133,73.116,0.97081,0.95074,0.92199
106.48,94.478,76.667,1.4684,0.78009,0.59321,107.35,95.471,77.668,0.96352,0.94208,0.90597
130.12,118.58,83.998,1.983,0.83138,0.42906,131.12,119.58,85.189,0.97142,0.91727,0.90554
147.41,133.47,89.467,2.2266,0.81991,0.36839,148.41,134.47,90.467,0.94541,0.92015,0.93463
141.25,116.7,108.97,1.1469,0.68164,0.59536,141.81,117.57,109.97,0.96536,0.98119,0.94179
155.07,130.79,122.13,1.1447,0.70612,0.61697,154.72,131.7,123.13,0.96812,0.98264,0.94475
118.87,96.869,89.737,1.1655,0.66373,0.56975,119.63,97.749,90.73,0.96071,0.97849,0.93006
131.5,106.29,99.591,1.1384,0.6505,0.57148,132.15,107.28,100.59,0.96567,0.98087,0.94213
133.97,123.29,81.306,2.3022,0.84703,0.36839,134.93,124.28,82.31,0.90909,0.84937,0.90902
132.53,121.14,79.932,2.3063,0.83588,0.36383,133.53,122.14,80.937,0.90631,0.86852,0.92302
132.78,119.96,79.035,2.3066,0.81636,0.35427,133.78,120.96,80.052,0.91008,0.89861,0.93882
128.37,114.75,76.856,2.2305,0.799,0.35852,129.37,115.75,77.856,0.91153,0.89945,0.94076
134.3,123.88,81.278,2.3322,0.85068,0.36643,135.29,124.88,82.279,0.90313,0.85508,0.90707
134.58,123.03,80.196,2.3617,0.83625,0.35495,135.57,124.03,81.198,0.90131,0.85973,0.91465
130.6,116.03,79.819,2.1168,0.78999,0.37367,131.6,117.03,80.819,0.87293,0.81079,0.87089
130.24,112.28,78.5,2.0466,0.74332,0.36328,131.24,113.28,79.508,0.91051,0.84671,0.89168
146.63,132.08,97.103,1.9445,0.81419,0.47561,147.63,133.08,98.104,0.9373,0.85834,0.84871
155.6,139.82,104.73,1.9213,0.81067,0.47725,156.56,140.81,105.72,0.93836,0.85469,0.83059
145.41,130.71,84.82,2.3774,0.80804,0.34026,146.41,131.71,85.827,0.9274,0.91849,0.94384
144.56,129.19,84.011,2.3668,0.7989,0.33773,145.56,130.19,85.011,0.92143,0.91786,0.93921
144.37,138.21,134.84,1.0964,0.94403,0.96644,145.11,139.16,135.84,0.95063,0.87134,0.79956
184.12,175.48,166.45,1.1796,0.90543,0.82026,184.97,176.43,167.43,0.98238,0.96132,0.93893
164.45,142.83,98.302,2.1124,0.75441,0.35729,165.45,143.83,99.306,0.93067,0.92506,0.93029
162.18,142.76,97.323,2.1532,0.77485,0.36015,163.18,143.76,98.323,0.92618,0.91008,0.91072
157.07,142.78,143.24,0.99333,0.83235,0.84344,158.07,143.78,144.24,0.87307,0.8656,0.71701
139.33,130.45,136.85,0.90903,0.91675,1.0502,140.33,131.45,137.85,0.83544,0.78027,0.60985
164.18,142.53,141.95,1.0078,0.75357,0.74761,165.13,143.53,142.95,0.84201,0.95647,0.71258
165.67,138.02,136.86,1.0171,0.69425,0.68252,166.67,139.02,137.86,0.67103,0.70061,0.62108
147.21,135.09,135.93,0.98726,0.84772,0.86485,148.2,136.08,136.93,0.88399,0.86641,0.70469
126.54,121.54,129.24,0.88413,0.96604,1.1456,127.54,122.54,130.24,0.86552,0.8022,0.61827
152.56,130.28,129.66,1.0092,0.72866,0.72183,153.5,131.26,130.66,0.65003,0.75266,0.67099
155.52,128.9,127.8,1.0173,0.68706,0.67534,156.52,129.9,128.8,0.64887,0.67015,0.55622
156.3,144.24,145.34,0.98445,0.85668,0.87578,157.3,145.24,146.34,0.90495,0.88075,0.71035
131.99,129.11,138.06,0.87386,0.99319,1.1812,132.99,130.11,139.06,0.88838,0.81939,0.63396
160.81,137.98,137.87,1.0015,0.73601,0.73494,161.75,138.96,138.86,0.69315,0.78813,0.67657
164.7,137.51,136.5,1.0149,0.69717,0.68702,165.7,138.51,137.5,0.69844,0.71919,0.68086
129.29,115.75,110.86,1.0838,0.80054,0.74391,130.15,116.75,111.86,0.97053,0.98089,0.93085
172.17,155.25,143.86,1.1663,0.81367,0.70469,172.83,156.25,144.84,0.97803,0.97837,0.93418
140.98,129.47,125.2,1.0605,0.84878,0.81197,141.77,130.46,126.2,0.96297,0.98054,0.90975
164.9,149.72,140.01,1.1467,0.82913,0.73646,165.19,150.72,141,0.97377,0.97375,0.91784
137.34,122.41,117.48,1.0835,0.79191,0.73402,138.28,123.41,118.47,0.98904,0.98203,0.96381
176.31,158.63,146.99,1.1694,0.80895,0.69926,177.17,159.62,147.92,0.9831,0.97542,0.95233
122.56,107.41,101.84,1.1149,0.76636,0.68999,123.56,108.41,102.84,0.98128,0.97236,0.9489
124.32,104.23,93.418,1.2445,0.70281,0.56524,125.32,105.23,94.418,0.88687,0.88151,0.87128
139.22,124.26,119.28,1.0831,0.79391,0.73643,140.12,125.25,120.26,0.98915,0.98183,0.96287
177,159.38,147.82,1.1668,0.81052,0.70215,177.82,160.36,148.74,0.98306,0.97511,0.95144
121.98,106.8,101.71,1.1043,0.76502,0.69477,122.98,107.8,102.71,0.98218,0.97295,0.9513
125.68,106.2,95.126,1.2456,0.71378,0.5737,126.68,107.2,96.126,0.90673,0.89446,0.88386
119.72,110.4,99.318,1.2541,0.85454,0.68534,120.72,111.4,100.32,0.9243,0.91991,0.92854
116.48,102.57,94.223,1.1896,0.77725,0.65499,117.48,103.57,95.223,0.93354,0.93417,0.92518
111.02,101.78,88.9,1.3153,0.84093,0.64084,112.02,102.78,89.9,0.92993,0.92618,0.94133
110.93,99.299,90.836,1.1958,0.80086,0.67014,111.93,100.3,91.836,0.95313,0.94998,0.94598
107.39,96.733,86.008,1.275,0.80927,0.63966,108.39,97.733,87.008,0.9238,0.91808,0.8863
106.31,96.153,86.056,1.2492,0.81647,0.65622,107.31,97.153,87.056,0.95596,0.94068,0.93082
141.49,126.78,115.5,1.205,0.80275,0.6664,142.44,127.78,116.5,0.95439,0.95558,0.92099
126.37,110.26,96.626,1.3081,0.75958,0.5824,127.31,111.26,97.626,0.94076,0.92986,0.86616
134.26,117.86,104.92,1.2506,0.7718,0.62415,135.26,118.86,105.92,0.95085,0.95178,0.92512
141.1,124.48,108.65,1.3107,0.78254,0.60023,142.09,125.48,109.65,0.9573,0.95327,0.93359
156.28,135.56,114.48,1.4022,0.75244,0.53664,157.28,136.56,115.48,0.96334,0.97553,0.96569
157.33,136.59,114.35,1.4269,0.75367,0.52821,158.33,137.59,115.35,0.9603,0.97516,0.96682
141.54,116.29,93.535,1.5491,0.67453,0.43594,142.54,117.29,94.536,0.95853,0.95854,0.95768
144.89,119.12,96.697,1.5232,0.67516,0.44424,145.89,120.12,97.699,0.9635,0.95953,0.95516
131.43,107.74,85.037,1.6061,0.67194,0.4186,132.43,108.74,86.037,0.94976,0.95599,0.9589
124.09,99.607,78.335,1.6212,0.6436,0.3983,125.09,100.61,79.353,0.96103,0.95965,0.95147
148.93,122.66,99.662,1.5166,0.67817,0.4474,149.93,123.66,100.66,0.96167,0.95727,0.95613
151.94,125.12,103.06,1.4747,0.67802,0.45998,152.94,126.12,104.06,0.96644,0.9621,0.95486
142.37,117.59,94.3,1.5551,0.68198,0.43861,143.37,118.59,95.3,0.95151,0.95465,0.95034
147.98,121.05,98.179,1.5204,0.66924,0.44035,148.98,122.05,99.179,0.96585,0.96668,0.95874
156.13,128.39,105.01,1.497,0.67597,0.45184,157.13,129.39,106.01,0.96737,0.95692,0.95136
156.17,128.12,104.61,1.5015,0.67282,0.44833,157.17,129.12,105.61,0.96819,0.95686,0.95043
151.79,124.53,100.64,1.5314,0.67313,0.4396,152.79,125.53,101.64,0.96129,0.95303,0.94316
150.58,122.84,99.734,1.5172,0.66542,0.43868,151.58,123.84,100.73,0.96645,0.95511,0.94435
160.08,133.49,111.01,1.4478,0.69531,0.4805,161.08,134.49,112.01,0.97192,0.96122,0.95437
164.29,137.6,114.27,1.4511,0.70147,0.48369,165.29,138.6,115.27,0.96531,0.95556,0.94383
159.88,132.22,109.26,1.4645,0.68386,0.46697,160.88,133.22,110.26,0.96896,0.95902,0.94139
158.33,130.35,106.78,1.4906,0.67792,0.45486,159.33,131.35,107.78,0.9736,0.96036,0.94639
143.14,131.48,127.89,1.0533,0.87417,0.88228,144.13,132.48,128.89,0.87018,0.84149,0.73472
142.71,131.35,128.35,1.0457,0.87398,0.88494,143.71,132.35,129.35,0.90919,0.86861,0.80014
200.72,169.32,140.77,1.4467,0.71159,0.49189,201.72,170.32,141.77,0.90858,0.91162,0.81079
175.53,148.55,126.16,1.3737,0.71801,0.52638,176.53,149.55,127.16,0.93861,0.95242,0.88665
108.45,98.809,89.885,1.1872,0.83342,0.73315,109.45,99.809,90.885,0.96122,0.9383,0.89644
113.91,101.21,91.324,1.1858,0.80034,0.70952,114.91,102.21,92.324,0.95367,0.91446,0.85064
116.99,107.46,81.916,1.7299,0.84351,0.4888,117.99,108.46,82.916,0.90161,0.84456,0.86899
153.18,137.02,117.53,1.3641,0.79985,0.58826,154.18,138.02,118.53,0.94893,0.88042,0.81449
122.07,98.732,69.292,2.0444,0.65537,0.32283,123.07,99.732,70.292,0.93584,0.88696,0.88438
121.84,98.698,68.982,2.0786,0.65738,0.32139,122.84,99.698,69.982,0.91389,0.86818,0.8662
117.2,86.824,66.655,1.6974,0.54906,0.32369,118.2,87.824,67.655,0.90244,0.92484,0.86252
118.72,91.109,70.762,1.6651,0.58893,0.3558,119.72,92.109,71.762,0.91505,0.93494,0.87346
101.23,89.368,84.87,1.286,0.82512,0.85229,102.23,90.368,85.871,0.89413,0.89658,0.75512
99.565,87.637,84.686,1.2349,0.82658,0.88714,100.57,88.637,85.687,0.87385,0.86966,0.70782
85.399,94.975,113.28,0.7027,1.2381,1.7631,86.399,95.975,114.28,0.94906,0.96326,0.94099
83.771,92.95,111.66,0.69262,1.2313,1.7782,84.771,93.95,112.66,0.95113,0.96432,0.94393
119.11,127.03,140.86,0.812,1.143,1.4168,120.11,128.03,141.86,0.9255,0.91419,0.83041
116.49,124.08,139.48,0.78992,1.1403,1.451,117.49,125.08,140.48,0.89056,0.90367,0.77754
130.71,135.72,145.8,0.86675,1.0788,1.246,131.71,136.72,146.8,0.88167,0.83469,0.66262
126.27,131.39,143.56,0.83827,1.0851,1.2973,127.27,132.39,144.56,0.77843,0.81897,0.48663
125.57,134.04,148.47,0.81456,1.1437,1.4101,126.57,135.04,149.47,0.89679,0.90357,0.78953
129.96,137.27,151.5,0.82033,1.1185,1.3673,130.96,138.27,152.5,0.9016,0.91731,0.81201
103.74,114.54,132.04,0.7526,1.2197,1.6214,104.74,115.54,133.04,0.91976,0.95708,0.91792
108.42,117.97,134.59,0.76839,1.1839,1.5409,109.42,118.97,135.59,0.9082,0.95734,0.91449
107.11,84.074,65.888,1.6365,0.61316,0.37902,108.11,85.074,66.888,0.92664,0.90089,0.87917
124.52,101.61,80.75,1.5912,0.66529,0.41922,125.52,102.61,81.751,0.94344,0.94158,0.93661
96.953,74.53,60.032,1.5266,0.58762,0.38806,97.953,75.53,61.032,0.93076,0.92467,0.89981
125.27,101.93,80.322,1.6144,0.66143,0.41033,126.27,102.93,81.326,0.96052,0.96108,0.95443
131.27,108.56,88.117,1.5208,0.68267,0.44955,132.27,109.56,89.117,0.95199,0.94205,0.93949
123.48,99.284,80.244,1.5378,0.64533,0.42104,124.48,100.28,81.246,0.94322,0.93838,0.92724
131.28,108.47,87.978,1.5266,0.68193,0.44795,132.28,109.47,88.978,0.95131,0.95458,0.94605
119.59,96.082,77.343,1.5435,0.64546,0.41825,120.59,97.082,78.343,0.94237,0.94516,0.93451
116.92,101.61,94.429,1.1926,0.76368,0.68598,117.8,102.59,95.416,0.97406,0.92754,0.87724
105.16,90.858,88.543,1.0564,0.74876,0.73031,106.14,91.939,89.556,0.97846,0.97136,0.9393
140.49,114.28,96.764,1.3954,0.66125,0.47402,141.49,115.28,97.764,0.9764,0.96875,0.95581
111.55,83.587,70.265,1.413,0.56016,0.39719,112.55,84.587,71.265,0.96161,0.95703,0.89675
114.57,97.228,92.283,1.108,0.72445,0.66188,115.55,98.228,93.281,0.94436,0.91493,0.87777
118.72,101.2,97.02,1.0833,0.72933,0.68258,119.63,102.2,97.994,0.94655,0.94435,0.87419
144.47,125.12,116.52,1.153,0.75024,0.65088,145.13,126.12,117.41,0.97661,0.96813,0.91744
154.43,136.2,128.42,1.1261,0.77798,0.69256,155.2,137.2,129.41,0.96341,0.97175,0.8937
87.796,85.483,91.754,0.86582,0.96578,1.125,88.796,86.483,92.754,0.92674,0.90208,0.82336
88.228,82.346,86.103,0.89619,0.93137,1.1052,88.977,83.315,87.095,0.93733,0.91162,0.82617
82.434,79.7,85.24,0.87084,0.9494,1.0967,83.434,80.7,86.24,0.86838,0.84065,0.71826
69.877,68.953,75.728,0.82404,1.0103,1.2994,70.474,69.892,76.705,0.94018,0.88624,0.79345
111.26,100.12,91.303,1.2073,0.81023,0.67207,112.26,101.12,92.303,0.9396,0.95328,0.95283
110.99,99.528,89.234,1.2456,0.80398,0.64577,111.99,100.53,90.234,0.93165,0.94703,0.94372
124.12,110,103.12,1.1381,0.78538,0.69014,125.12,111,104.12,0.95495,0.97252,0.96708
119.11,105.65,96.026,1.2121,0.78696,0.65011,120.11,106.65,97.026,0.94692,0.9583,0.95268
85.482,77.072,70.446,1.1786,0.80625,0.68609,86.482,78.072,71.446,0.9159,0.93903,0.92802
91.04,82.332,75.81,1.1734,0.82399,0.72247,92.04,83.332,76.81,0.91436,0.93464,0.92168
101.63,91.864,82.483,1.2423,0.81876,0.65925,102.63,92.864,83.483,0.91946,0.9414,0.94223
107.28,94.827,85.198,1.2392,0.78132,0.63072,108.28,95.827,86.198,0.92056,0.94521,0.93843
79.845,74.133,80.775,0.84803,0.88452,1.0607,80.845,75.133,81.775,0.97286,0.97079,0.94766
117.73,114.7,127.14,0.82722,0.93168,1.1436,118.73,115.7,128.1,0.97225,0.97191,0.94296
53.799,53.545,59.522,0.81155,0.99141,1.2245,54.799,54.545,60.522,0.98783,0.97539,0.97686
138.53,138,152.25,0.8206,0.98979,1.208,139.53,139,153.2,0.98594,0.97898,0.96947
112.6,105.92,114.86,0.85371,0.89015,1.0598,113.6,106.92,115.86,0.96171,0.96045,0.92031
100.12,92.565,102.11,0.82286,0.86573,1.0691,101.12,93.565,103.07,0.94447,0.94472,0.88215
131.87,113.88,113.28,1.0107,0.74575,0.7379,132.87,114.88,114.28,0.93461,0.96232,0.92974
109.35,91.987,95.064,0.93503,0.70899,0.75974,110.35,92.987,96.064,0.90122,0.92907,0.86897
114.28,107.59,121.04,0.78746,0.89433,1.1638,115.28,108.59,122.04,0.94013,0.95462,0.86014
105.08,102.86,120.25,0.72043,0.9673,1.3743,106.08,103.86,121.25,0.94253,0.94474,0.88684
117.98,113.29,128.47,0.76136,0.9225,1.2395,118.98,114.29,129.47,0.94794,0.9378,0.84569
82.338,77.899,92.638,0.69987,0.93823,1.4111,83.338,78.899,93.638,0.9176,0.9105,0.81598
77.697,97.104,120,0.69177,1.4412,2.1578,79.08,98.104,121,0.81572,0.90683,0.81415
125.52,161.56,200.55,0.64886,1.6573,2.5544,126.54,162.56,201.55,0.46367,0.68833,0.50666
72.417,89.234,109.99,0.70346,1.395,2.0665,73.777,90.234,110.99,0.95082,0.98267,0.92785
121.29,157.37,195.82,0.64564,1.6846,2.6097,122.49,158.37,196.82,0.69954,0.83977,0.74531
167.04,191.5,223.75,0.73215,1.313,1.7932,168.07,192.53,224.74,0.62611,0.71329,0.65175
151.14,173.22,202.59,0.7298,1.3058,1.7893,152.23,174.25,203.58,0.78829,0.85731,0.79023
161.64,182.79,213.95,0.72904,1.2763,1.7504,162.76,183.9,214.95,0.92309,0.93309,0.91697
138.09,156.62,185.27,0.71339,1.2832,1.7992,139.61,158.11,186.26,0.99424,0.99425,0.98992
156.54,175.81,208.56,0.70983,1.2529,1.7657,157.54,176.83,209.42,0.96115,0.98095,0.9676
166.65,185.65,217.38,0.72675,1.2336,1.697,167.65,186.69,218.02,0.96077,0.97614,0.9625
146.31,164.39,198.29,0.6868,1.2505,1.8209,147.31,165.61,199.22,0.95675,0.98135,0.97028
77.503,79.291,95.225,0.68665,1.0209,1.484,78.503,80.449,95.766,0.99017,0.99008,0.99489
44.849,43.029,50.245,0.91308,0.70111,0.87707,45.853,44.046,49.005,0.90352,0.9128,0.87092
38.02,33.404,36.462,0.99164,0.64755,0.71879,39.023,34.435,34.554,0.93387,0.94055,0.91192
18.491,14.047,14.819,0.89879,0.57779,0.64334,19.491,15.047,15.819,0.88734,0.89844,0.87297
35.539,30.425,33.371,0.85827,0.71948,0.85995,36.613,31.572,33.374,0.94853,0.95165,0.91813
45.068,45.596,54.879,0.79301,0.83544,1.1389,46.409,46.757,50.884,0.94933,0.94391,0.92157
53.241,54.399,64.422,0.79743,0.85793,1.1706,54.585,55.602,59.857,0.94237,0.94043,0.91181
85.95,93.642,121.03,0.59535,1.1788,1.9833,87.844,95.118,108.06,0.98191,0.96377,0.96645
116.76,130.21,162.28,0.64085,1.2364,1.9322,118.27,131.8,144.55,0.98393,0.97053,0.97017
78.732,78.519,85.523,0.79712,0.9853,1.2507,79.732,79.519,86.523,0.93099,0.90972,0.89745
52.975,53.443,60.651,0.7802,0.99866,1.3071,53.975,54.443,61.651,0.96289,0.93948,0.90352
46.69,45.511,51.712,0.75861,0.94472,1.2516,47.69,46.511,52.712,0.97442,0.97183,0.96467
32.259,29.749,32.321,0.84848,0.85739,1.0262,33.259,30.749,33.321,0.88417,0.85247,0.81125
77.376,79.83,87.549,0.86723,1.0417,1.2797,78.376,80.83,88.549,0.94354,0.91394,0.82015
66.099,62.717,64.594,0.94412,0.88809,0.94621,67.099,63.717,65.594,0.96337,0.96272,0.93435
75.963,75.075,79.572,0.89325,0.94729,1.072,76.963,76.075,80.572,0.97196,0.96066,0.92072
67.085,64.447,67.708,0.90152,0.92312,1.0252,68.085,65.447,68.708,0.98856,0.98696,0.98458
75.889,78.493,85.494,0.87881,1.0463,1.27,76.889,79.493,86.494,0.93918,0.8856,0.79499
65.524,62.563,64.396,0.94386,0.89672,0.95591,66.524,63.563,65.396,0.95952,0.95221,0.92372
74.239,73.622,77.461,0.90237,0.95579,1.0669,75.239,74.622,78.461,0.97445,0.95065,0.91981
65.731,64.208,67.404,0.90247,0.95461,1.06,66.731,65.208,68.404,0.98894,0.98616,0.98024
121.85,115.87,116.57,0.98196,0.91142,0.93938,122.85,116.87,117.57,0.93586,0.94251,0.87431
108.15,105.3,107.6,0.95642,0.95089,0.99833,109.15,106.3,108.6,0.91877,0.92062,0.86208
109.72,104.88,107.03,0.95582,0.92169,0.97664,110.72,105.88,108.03,0.90833,0.9145,0.82124
103.65,102.04,107.07,0.90763,0.97051,1.0714,104.65,103.04,108.07,0.90156,0.92613,0.86461
98.648,94.875,98.575,0.92141,0.92587,1.0067,99.648,95.875,99.575,0.96467,0.98156,0.94273
99.872,96.213,100.25,0.91195,0.92907,1.0219,100.87,97.213,101.25,0.96862,0.979,0.94709
93.891,90.247,93.844,0.92015,0.92745,1.0113,94.891,91.247,94.844,0.95651,0.97836,0.91907
122.03,116.39,118.6,0.96544,0.90892,0.9434,123.03,117.39,119.6,0.96882,0.98547,0.94166
73.701,71.971,74.372,0.92196,0.92506,1.0076,74.701,72.971,75.372,0.96927,0.9675,0.9483
65.761,63.64,66.211,0.90983,0.9149,1.0082,66.761,64.64,67.211,0.96559,0.96276,0.93881
55.272,50.174,50.21,0.99983,0.82439,0.82759,56.272,51.174,51.21,0.94101,0.94479,0.89133
46.57,42.33,43.601,0.94177,0.82639,0.87846,47.57,43.33,44.601,0.94155,0.94646,0.91141
38.429,34.348,34.28,1.0057,0.79574,0.79922,39.429,35.348,35.28,0.92112,0.92113,0.87764
35.73,31.352,31.021,1.0175,0.77775,0.77318,36.73,32.352,32.021,0.91136,0.91296,0.85159
45.095,39.581,38.136,1.0738,0.77376,0.72468,46.095,40.581,39.136,0.95344,0.95031,0.92668
34.422,30.559,30.511,1.0009,0.79009,0.79166,35.422,31.559,31.511,0.92174,0.93267,0.89431
154.19,155.13,164.06,0.89154,1.0123,1.1363,155.19,156.13,165.06,0.72681,0.77795,0.71807
83.381,81.575,86.942,0.86454,0.90819,1.0549,84.381,82.575,87.942,0.92523,0.91987,0.90384
111.25,111.89,121.7,0.84183,1.0093,1.1992,112.25,112.89,122.7,0.98971,0.99157,0.99353
45.33,42.768,47.165,0.82438,0.88339,1.0746,46.33,43.768,48.165,0.93774,0.9674,0.92511
144.36,142.19,145.44,0.95713,0.96051,1.004,145.36,143.19,146.44,0.69475,0.71486,0.70991
35.965,31.507,32.557,0.9297,0.77624,0.84615,36.965,32.507,33.557,0.92586,0.91624,0.87823
135.85,133.46,137.22,0.94333,0.95398,1.011,136.85,134.46,138.22,0.8787,0.89658,0.85734
33.691,29.424,30.536,0.92621,0.77024,0.83764,34.691,30.424,31.536,0.91189,0.9012,0.8675
59.944,56.463,61.247,0.84515,0.86868,1.0394,60.944,57.464,62.248,0.95,0.96227,0.91819
54.969,52.386,57.55,0.82317,0.91267,1.1189,55.97,53.388,58.55,0.93427,0.96711,0.90487
105.59,105.25,113.65,0.85701,0.99313,1.1596,106.61,106.26,114.65,0.9716,0.97937,0.98242
101.68,101.74,110.05,0.85477,1.0011,1.1712,102.68,102.74,111.05,0.97171,0.98545,0.98493
57.737,51.139,52.677,0.96077,0.80527,0.8773,58.737,52.139,53.677,0.93681,0.9585,0.90683
57.665,51.413,53.426,0.94405,0.81372,0.90411,58.665,52.413,54.426,0.94585,0.96666,0.9188
49.092,50.059,55.42,0.81752,1.0434,1.2769,50.092,51.059,56.42,0.97049,0.97436,0.97036
49.849,51.46,57.96,0.78695,1.0764,1.3708,50.849,52.46,58.96,0.96235,0.96608,0.95414
81.071,68.225,67.094,1.0453,0.71518,0.70706,82.071,69.225,68.094,0.94017,0.94809,0.88443
87.59,74.667,73.06,1.0635,0.72514,0.70819,88.59,75.667,74.06,0.93358,0.95261,0.86683
86.714,70.61,66.112,1.1427,0.66262,0.58142,87.714,71.61,67.112,0.90609,0.91191,0.83889
94.724,78.56,73.745,1.1465,0.68505,0.60332,95.724,79.56,74.745,0.91772,0.94294,0.84296
84.14,71.52,70.453,1.0357,0.72168,0.70188,85.14,72.52,71.453,0.90441,0.94385,0.85635
147.9,143.02,147.32,0.96687,0.91251,0.9605,148.9,144.02,148.32,0.9073,0.91261,0.83473
81.615,69.663,69.852,0.99967,0.72631,0.73056,82.615,70.663,70.852,0.85962,0.89999,0.78999
146.95,141.86,145.97,0.96769,0.91029,0.95656,147.95,142.86,146.97,0.91744,0.91138,0.8429
147.47,147.45,155.35,0.90092,0.99978,1.1098,148.47,148.45,156.35,0.5984,0.59335,0.57894
147.7,147.61,155.53,0.90079,0.99884,1.1089,148.7,148.61,156.53,0.59121,0.57327,0.54905
147.08,146.82,155.14,0.8956,0.99638,1.1125,148.08,147.82,156.14,0.66286,0.5953,0.58808
147.14,146.92,155.22,0.89594,0.99696,1.1128,148.14,147.92,156.22,0.63776,0.6095,0.58281
124.24,120.02,122.49,0.96164,0.93594,0.98087,125.24,121.02,123.49,0.91807,0.92176,0.83735
126.95,120.97,120.73,1.0032,0.90954,0.90874,127.95,121.97,121.73,0.83837,0.88659,0.79604
130.86,131.28,140.56,0.86841,1.0078,1.1625,131.86,132.28,141.56,0.95782,0.96157,0.9059
128.54,123.33,123.93,0.99018,0.92159,0.93231,129.54,124.33,124.93,0.80705,0.85514,0.75108
120.85,119.09,125.07,0.90743,0.96921,1.0713,121.85,120.09,126.07,0.97287,0.95426,0.92822
133.56,131.07,134.98,0.94882,0.96095,1.018,134.56,132.07,135.98,0.92685,0.93007,0.8861
122.36,121.72,129.79,0.87827,0.98879,1.1265,123.36,122.72,130.79,0.98653,0.9774,0.96728
140.75,139.9,148.09,0.89298,0.98703,1.1057,141.75,140.9,149.09,0.99182,0.9848,0.98523
158.92,158.35,165.72,0.9051,0.99317,1.1006,159.92,159.35,166.72,0.87348,0.84858,0.87653
111.28,108.91,114.75,0.89944,0.95757,1.0675,112.28,109.91,115.75,0.9665,0.95297,0.93244
131.8,130.49,139.5,0.86672,0.98485,1.1415,132.8,131.49,140.5,0.97131,0.96203,0.95432
91.934,89.978,96.393,0.87053,0.96055,1.1093,92.934,90.978,97.393,0.94036,0.92236,0.8971
55.409,48.478,48.84,1.0187,0.77655,0.81233,56.409,49.478,49.84,0.934,0.92048,0.84306
74.105,70.662,76.299,0.86875,0.91053,1.0773,75.105,71.662,77.3,0.94898,0.93164,0.87279
78.295,64.731,51.522,1.7952,0.68279,0.4492,79.295,65.731,52.522,0.88156,0.38155,0.016786
69.665,58.199,50.216,1.4303,0.69238,0.5194,70.665,59.199,51.244,0.72959,0.58037,-0.018762
54.819,45.903,39.035,1.9124,0.72976,0.62431,55.837,46.904,40.07,0.93491,0.62329,0.45627
57.176,49.657,47.973,1.359,0.74791,0.73369,58.184,50.661,48.987,0.92608,0.76393,0.60721
101.61,100.06,103.51,0.93232,0.9736,1.0477,102.75,101.07,104.58,0.95829,0.97643,0.9363
106.41,105.74,110.91,0.90905,0.98811,1.088,107.46,106.78,111.97,0.97368,0.98636,0.97381
160.88,159.72,166.31,0.92129,0.98547,1.0698,161.88,160.72,167.31,0.77216,0.82001,0.81557
98.303,95.379,99.526,0.91555,0.91703,1.004,99.303,96.379,100.53,0.91871,0.94028,0.91785
128.77,127.32,134.33,0.89697,0.97619,1.0884,129.77,128.32,135.33,0.98555,0.99278,0.99079
65.322,61.718,65.405,0.89189,0.8905,0.99935,66.322,62.718,66.405,0.9448,0.97267,0.95483
157.72,156.62,162.63,0.92746,0.98569,1.0628,158.72,157.62,163.63,0.66057,0.73437,0.70662
61.734,57.361,60.043,0.91,0.86393,0.95371,62.734,58.361,61.043,0.95146,0.95281,0.93017
157.75,156.3,162.56,0.9244,0.98147,1.0617,158.75,157.3,163.56,0.60031,0.77005,0.69935
60.893,56.528,59.145,0.9139,0.85983,0.94564,61.893,57.528,60.145,0.95339,0.96143,0.93567
61.106,58.409,61.942,0.88863,0.90569,1.0225,62.106,59.409,62.942,0.97628,0.96916,0.96136
49.665,46.662,49.677,0.88034,0.88629,1.0124,50.665,47.662,50.677,0.9689,0.95833,0.9408
76.517,74.733,79.621,0.87315,0.94661,1.0853,77.517,75.733,80.621,0.98024,0.97326,0.96807
55.018,52.236,55.912,0.86569,0.89565,1.0356,56.018,53.236,56.912,0.9751,0.96636,0.96005
90.413,88.068,90.658,0.93378,0.93217,0.99883,91.413,89.068,91.658,0.98411,0.98022,0.97044
80.55,77.926,80.729,0.92185,0.92351,1.0027,81.55,78.926,81.729,0.98215,0.97755,0.96356
63.718,58.786,60.527,0.94365,0.85299,0.90623,64.718,59.786,61.527,0.97556,0.97004,0.95531
61.737,57.165,59.308,0.9291,0.85746,0.92304,62.737,58.165,60.308,0.97723,0.97197,0.95312
88.756,88.8,96.482,0.83981,1.0035,1.1986,89.756,89.8,97.482,0.93855,0.96643,0.87805
105.49,106.81,113.92,0.86404,1.0224,1.1886,106.49,107.81,114.92,0.9491,0.9665,0.89443
124.48,122.88,129.04,0.89806,0.97377,1.0871,125.48,123.88,130.04,0.96059,0.9785,0.91788
84.786,85.37,93.566,0.8257,1.0101,1.2248,85.786,86.37,94.566,0.94076,0.9695,0.88456
126.67,123.09,124.67,0.97645,0.94414,0.96887,127.67,124.09,125.67,0.88203,0.91395,0.81822
135.89,132.9,134.72,0.97582,0.95525,0.98047,136.89,133.9,135.72,0.91539,0.93998,0.89047
124.03,118.44,117.94,1.008,0.91213,0.90517,125.03,119.44,118.94,0.81397,0.89092,0.76326
136.85,136.55,141.57,0.93173,0.9945,1.0681,137.85,137.55,142.57,0.96725,0.96625,0.938
136.76,135.82,140.44,0.93545,0.98601,1.0542,137.76,136.82,141.44,0.97689,0.97393,0.95831
143.21,140.99,143.99,0.96205,0.96717,1.0072,144.21,141.99,144.99,0.94707,0.95087,0.92007
134.77,133.54,137.63,0.94191,0.98122,1.0419,135.77,134.54,138.63,0.97278,0.97024,0.95547
127.1,124.03,126.28,0.96525,0.95195,0.98664,128.1,125.03,127.28,0.96436,0.94814,0.91001
138.84,137.53,144.18,0.9059,0.98045,1.0832,139.84,138.53,145.18,0.93468,0.93835,0.93886
122.7,120.55,124.54,0.9366,0.96496,1.0313,123.7,121.55,125.54,0.94564,0.93691,0.90743
113.7,112.32,119.05,0.88869,0.97604,1.0991,114.7,113.32,120.05,0.96992,0.95893,0.95012
114.95,112.01,115.42,0.9413,0.95038,1.0111,115.95,113.01,116.42,0.91574,0.90964,0.85717
69.282,64.254,67.381,0.91414,0.86658,0.96263,70.282,65.254,68.381,0.95086,0.96102,0.93793
82.778,80.055,85.746,0.87052,0.93742,1.0815,83.778,81.055,86.746,0.95128,0.94464,0.9204
61.36,59.175,64.361,0.84117,0.93301,1.1116,62.36,60.175,65.361,0.94251,0.95106,0.9293
66.647,64.24,69.362,0.85708,0.9345,1.0911,67.647,65.24,70.362,0.92316,0.94744,0.87667
60.013,57.448,61.368,0.87344,0.92096,1.0606,61.015,58.448,62.37,0.93668,0.96289,0.91708
70.511,67.79,72.774,0.86446,0.9187,1.0653,71.513,68.792,73.775,0.96452,0.96761,0.94704
104.64,104.5,109.71,0.90631,0.99773,1.1011,105.65,105.5,110.71,0.98765,0.9913,0.99303
122.73,122.28,128.45,0.90603,0.99306,1.0961,123.75,123.29,129.45,0.98706,0.99175,0.99214
63.839,61.356,65.382,0.87465,0.92628,1.0655,64.841,62.358,66.382,0.93624,0.96312,0.91329
72.94,70.325,75.262,0.86966,0.92313,1.0639,73.94,71.325,76.262,0.96448,0.96664,0.94686
125.57,124.51,131.05,0.90266,0.98306,1.0891,126.57,125.51,132.05,0.98233,0.98934,0.98991
130.89,130.27,137.09,0.90293,0.99049,1.097,131.89,131.27,138.09,0.98498,0.99125,0.99111
115.13,112.79,116.1,0.9199,0.97444,1.0723,116.14,113.79,117.1,0.76707,0.77496,0.73095
130.42,127.77,130.7,0.94156,0.96612,1.0317,131.42,128.77,131.7,0.71533,0.71374,0.68712
151.43,148.15,151.05,0.96207,0.95722,0.99496,152.43,149.15,152.05,0.55228,0.53027,0.45191
151.23,147.95,150.7,0.96386,0.95718,0.99307,152.23,148.95,151.7,0.66201,0.64058,0.6104
127.34,123.54,125.47,0.97287,0.93583,0.96636,128.34,124.55,126.5,0.90609,0.91149,0.89694
165.94,163.34,166.59,0.95779,0.96792,1.0111,166.94,164.34,167.59,0.70071,0.71653,0.68604
89.821,86.236,88.762,0.94597,0.92019,0.97514,90.821,87.239,89.773,0.99312,0.99132,0.99056
90.921,87.352,92.517,0.89153,0.92303,1.0355,91.921,88.352,93.521,0.99302,0.99241,0.99273
